"","Log_Returns"
"2010-01-05",0.869639578
"2010-01-06",0.073863891
"2010-01-07",-0.354668642
"2010-01-08",-0.349264905
"2010-01-11",0.088618948
"2010-01-12",-0.745715625
"2010-01-13",0.450967895
"2010-01-14",0.494570814
"2010-01-15",-0.146492296
"2010-01-18",0.430318782
"2010-01-19",-0.937108811
"2010-01-20",-0.075611656
"2010-01-21",-2.473025342
"2010-01-22",-1.148068718
"2010-01-25",-0.559547014
"2010-01-27",-3.13989499
"2010-01-28",0.291139973
"2010-01-29",0.303607774
"2010-02-01",0.3608845
"2010-02-02",-1.430682701
"2010-02-03",2.084699941
"2010-02-04",-1.769468871
"2010-02-05",-2.649678127
"2010-02-08",0.880895677
"2010-02-09",0.675179616
"2010-02-10",-0.742417305
"2010-02-11",1.45348003
"2010-02-15",-0.517197514
"2010-02-16",1.114144364
"2010-02-17",1.192470437
"2010-02-18",-0.53561992
"2010-02-19",-0.880548976
"2010-02-22",0.237081744
"2010-02-23",0.28067613
"2010-02-24",-0.235381321
"2010-02-25",0.023664559
"2010-02-26",1.278886501
"2010-03-02",1.905628424
"2010-03-03",1.407235362
"2010-03-04",-0.154402615
"2010-03-05",0.166196059
"2010-03-08",0.691295046
"2010-03-09",-0.44007699
"2010-03-10",0.288713469
"2010-03-11",0.334643983
"2010-03-12",0.070106283
"2010-03-15",-0.157805929
"2010-03-16",1.340200079
"2010-03-17",0.648128917
"2010-03-18",0.267231835
"2010-03-19",0.321636689
"2010-03-22",-1.100500395
"2010-03-23",0.385401165
"2010-03-25",0.669487583
"2010-03-26",0.409776295
"2010-03-29",0.393961642
"2010-03-30",-0.76476954
"2010-03-31",-0.254008295
"2010-04-01",0.785610742
"2010-04-05",1.461713499
"2010-04-06",-0.044714235
"2010-04-07",0.161068544
"2010-04-08",-1.314730971
"2010-04-09",1.07442866
"2010-04-12",-0.412090614
"2010-04-13",-0.314181056
"2010-04-15",-0.931443783
"2010-04-16",-0.208804005
"2010-04-19",-1.12649361
"2010-04-20",0.507013336
"2010-04-21",0.282574025
"2010-04-22",0.465087655
"2010-04-23",0.657309099
"2010-04-26",0.345363554
"2010-04-27",-0.265268946
"2010-04-28",-1.765565917
"2010-04-29",0.739281022
"2010-04-30",0.452901614
"2010-05-03",-1.052315498
"2010-05-04",-1.431867298
"2010-05-05",-0.459441653
"2010-05-06",-0.666616367
"2010-05-07",-1.440345681
"2010-05-10",3.438574404
"2010-05-11",-1.112336459
"2010-05-12",0.398337236
"2010-05-13",0.430553474
"2010-05-14",-1.66274426
"2010-05-17",-0.661851609
"2010-05-18",0.124436727
"2010-05-19",-2.935369832
"2010-05-20",0.566526034
"2010-05-21",-0.333042349
"2010-05-24",0.259243957
"2010-05-25",-2.814346627
"2010-05-26",2.275873561
"2010-05-27",1.727782415
"2010-05-28",1.260233422
"2010-05-31",0.389053826
"2010-06-01",-2.309049227
"2010-06-02",0.993995219
"2010-06-03",1.789717455
"2010-06-04",0.487996284
"2010-06-07",-1.996231291
"2010-06-08",-0.936029863
"2010-06-09",0.264327349
"2010-06-10",1.553778071
"2010-06-11",0.799184466
"2010-06-14",1.518876068
"2010-06-15",0.473125323
"2010-06-16",0.21041162
"2010-06-17",0.78986344
"2010-06-18",-0.232504169
"2010-06-21",1.708793694
"2010-06-22",-0.688859668
"2010-06-23",0.124065503
"2010-06-24",-0.047911774
"2010-06-25",-0.973605372
"2010-06-28",1.21576395
"2010-06-29",-1.460888207
"2010-06-30",1.066373324
"2010-07-01",-1.156784513
"2010-07-02",-0.272676046
"2010-07-05",-0.0229198
"2010-07-06",1.009987803
"2010-07-07",-0.91071901
"2010-07-08",1.058090408
"2010-07-09",1.044211382
"2010-07-12",0.569140308
"2010-07-13",0.327345904
"2010-07-14",-0.268847276
"2010-07-15",-0.137482068
"2010-07-16",0.281266215
"2010-07-19",-0.138209022
"2010-07-20",-0.343117743
"2010-07-21",0.582319437
"2010-07-22",0.785889437
"2010-07-23",0.131298693
"2010-07-26",-0.561297782
"2010-07-27",0.221214554
"2010-07-28",-0.610453234
"2010-07-29",0.210061623
"2010-07-30",-0.766482752
"2010-08-02",1.186203777
"2010-08-03",0.145336374
"2010-08-04",0.518920306
"2010-08-05",-0.380212912
"2010-08-06",-0.144219117
"2010-08-09",0.858553295
"2010-08-10",-0.464969423
"2010-08-11",-0.737049399
"2010-08-12",-0.076587308
"2010-08-13",0.65602181
"2010-08-16",-0.62187964
"2010-08-17",-0.076619835
"2010-08-18",1.19340829
"2010-08-19",1.108067483
"2010-08-20",-0.172530479
"2010-08-23",0.232073857
"2010-08-24",-0.695111718
"2010-08-25",-0.779583508
"2010-08-26",0.284268004
"2010-08-27",-1.271299366
"2010-08-30",0.124721121
"2010-08-31",-0.241273436
"2010-09-01",1.277350431
"2010-09-02",0.260993116
"2010-09-03",-0.123112858
"2010-09-06",1.76464789
"2010-09-07",0.483856148
"2010-09-08",0.068679081
"2010-09-09",0.57254768
"2010-09-13",2.104457862
"2010-09-14",0.615287328
"2010-09-15",1.122139182
"2010-09-16",-0.551771537
"2010-09-17",0.960425324
"2010-09-20",1.609757094
"2010-09-21",0.477078504
"2010-09-22",-0.300829056
"2010-09-23",-0.5263401
"2010-09-24",0.980985286
"2010-09-27",0.287874266
"2010-09-28",-0.101944906
"2010-09-29",-0.63557042
"2010-09-30",0.643036686
"2010-10-01",1.863956771
"2010-10-04",0.260920062
"2010-10-05",-0.221862965
"2010-10-06",0.659255819
"2010-10-07",-1.075036508
"2010-10-08",-0.275686594
"2010-10-11",0.529441672
"2010-10-12",-0.735279577
"2010-10-13",2.320628646
"2010-10-14",-0.911273176
"2010-10-15",-1.874241061
"2010-10-18",0.219140563
"2010-10-19",-0.803927088
"2010-10-20",-0.752742366
"2010-10-21",1.976294938
"2010-10-22",-0.582702289
"2010-10-25",0.653148742
"2010-10-26",-0.390551787
"2010-10-27",-1.146802235
"2010-10-28",-0.415816918
"2010-10-29",0.499776125
"2010-11-01",1.645649868
"2010-11-02",0.023702683
"2010-11-03",0.67592586
"2010-11-04",1.949858944
"2010-11-08",-0.136991011
"2010-11-09",0.450898148
"2010-11-10",-0.411054019
"2010-11-11",-1.306362133
"2010-11-12",-1.999106166
"2010-11-15",0.81931355
"2010-11-16",-2.194912341
"2010-11-18",0.168502386
"2010-11-19",-1.825251967
"2010-11-22",2.011785155
"2010-11-23",-1.259984437
"2010-11-24",-1.169455301
"2010-11-25",-1.131553799
"2010-11-26",-0.827585147
"2010-11-29",1.347803865
"2010-11-30",0.559328128
"2010-12-01",1.661117836
"2010-12-02",0.848614293
"2010-12-03",-0.314888687
"2010-12-06",-0.009174842
"2010-12-07",-0.262352192
"2010-12-08",-1.226413964
"2010-12-09",-2.35139954
"2010-12-10",1.563198887
"2010-12-13",0.855080513
"2010-12-14",0.615104271
"2010-12-15",-0.875276674
"2010-12-16",0.95347328
"2010-12-20",-0.028584801
"2010-12-21",0.897251497
"2010-12-22",-0.271171338
"2010-12-23",-0.073549908
"2010-12-24",0.527038436
"2010-12-27",-0.224818363
"2010-12-28",-0.035018845
"2010-12-29",1.067499006
"2010-12-30",0.682444959
"2010-12-31",0.533655536
"2011-01-03",0.375853185
"2011-01-04",-0.182868151
"2011-01-05",-1.088665701
"2011-01-06",-0.520279457
"2011-01-07",-2.403724931
"2011-01-10",-2.429956374
"2011-01-11",-0.151949979
"2011-01-12",1.87913962
"2011-01-13",-1.917383933
"2011-01-14",-1.706972177
"2011-01-17",0.003540366
"2011-01-18",1.218066276
"2011-01-19",-0.578183162
"2011-01-20",0.360448061
"2011-01-21",-0.264726052
"2011-01-24",0.817330103
"2011-01-25",-0.977206766
"2011-01-27",-1.471905915
"2011-01-28",-1.65793964
"2011-01-31",-0.113450216
"2011-02-01",-1.624111396
"2011-02-02",0.27282774
"2011-02-03",1.729254908
"2011-02-04",-2.398833268
"2011-02-07",0.004633169
"2011-02-08",-1.558602914
"2011-02-09",-1.116790782
"2011-02-10",-0.529614258
"2011-02-11",1.598397645
"2011-02-14",2.712408529
"2011-02-15",0.457164552
"2011-02-16",0.01277414
"2011-02-17",1.174281122
"2011-02-18",-1.590161933
"2011-02-21",1.086772328
"2011-02-22",-0.899183346
"2011-02-23",-0.584056138
"2011-02-24",-3.264758764
"2011-02-25",0.773213068
"2011-02-28",0.558443762
"2011-03-01",3.483359636
"2011-03-03",0.25139753
"2011-03-04",0.046046342
"2011-03-07",-1.374331493
"2011-03-08",1.049721334
"2011-03-09",0.184588907
"2011-03-10",-0.663925707
"2011-03-11",-0.894894048
"2011-03-14",1.567859303
"2011-03-15",-1.490765798
"2011-03-16",1.122192659
"2011-03-17",-1.177257225
"2011-03-18",-1.348400221
"2011-03-21",-0.166694397
"2011-03-22",0.911072622
"2011-03-23",1.219021746
"2011-03-24",0.766181037
"2011-03-25",2.359494405
"2011-03-28",0.581935249
"2011-03-29",0.859630932
"2011-03-30",0.890318354
"2011-03-31",0.793369815
"2011-04-01",-0.132081109
"2011-04-04",1.404435554
"2011-04-05",0.027069584
"2011-04-06",-0.310119129
"2011-04-07",-0.102735399
"2011-04-08",-0.745250933
"2011-04-11",-0.968381429
"2011-04-13",2.151021664
"2011-04-15",-1.48178966
"2011-04-18",-1.652324234
"2011-04-19",0.203139644
"2011-04-20",1.913379225
"2011-04-21",0.563213947
"2011-04-25",-0.173484552
"2011-04-26",-0.103894238
"2011-04-27",-0.589629398
"2011-04-28",-0.83395349
"2011-04-29",-0.623328425
"2011-05-02",-0.841870975
"2011-05-03",-2.415227741
"2011-05-04",-0.506199703
"2011-05-05",-1.405857558
"2011-05-06",1.663785534
"2011-05-09",-0.006306617
"2011-05-10",-0.177601683
"2011-05-11",0.428582724
"2011-05-12",-1.427921765
"2011-05-13",1.062481746
"2011-05-16",-0.82852766
"2011-05-17",-1.098019408
"2011-05-18",-0.337953499
"2011-05-19",0.138265434
"2011-05-20",1.067402426
"2011-05-23",-1.835813753
"2011-05-24",0.153974339
"2011-05-25",-0.854449643
"2011-05-26",1.178308088
"2011-05-27",1.170978924
"2011-05-30",-0.054798524
"2011-06-01",2.149180358
"2011-06-02",-0.74759985
"2011-06-03",-0.607208765
"2011-06-06",0.2769498
"2011-06-07",0.434698801
"2011-06-08",-0.528735414
"2011-06-09",-0.105002644
"2011-06-10",-0.64051244
"2011-06-13",-0.054701606
"2011-06-14",0.322311345
"2011-06-15",-0.968220936
"2011-06-16",-0.93598673
"2011-06-17",-0.563964608
"2011-06-20",-2.042558553
"2011-06-21",0.340813342
"2011-06-22",0.046421684
"2011-06-23",0.786926418
"2011-06-24",2.803380617
"2011-06-27",1.006570639
"2011-06-28",0.3377871
"2011-06-29",0.989629962
"2011-06-30",0.834825843
"2011-07-01",-0.358322751
"2011-07-04",0.413201937
"2011-07-05",-0.32616451
"2011-07-06",-0.118141211
"2011-07-07",1.823132234
"2011-07-08",-1.199359259
"2011-07-11",-0.790121914
"2011-07-12",-1.614613735
"2011-07-13",1.067368434
"2011-07-15",-0.077913013
"2011-07-18",-0.25206515
"2011-07-19",0.831802761
"2011-07-20",-0.831802761
"2011-07-21",-0.458197023
"2011-07-22",1.652754404
"2011-07-25",0.819318446
"2011-07-26",-1.873858518
"2011-07-27",-0.504427899
"2011-07-28",-1.070281424
"2011-07-29",-0.104833757
"2011-08-01",0.632794876
"2011-08-02",-1.098126053
"2011-08-03",-0.952927462
"2011-08-04",-1.359855589
"2011-08-05",-2.286910539
"2011-08-08",-1.795832284
"2011-08-09",-0.895861828
"2011-08-10",1.722755007
"2011-08-11",-0.440811172
"2011-08-12",-1.279970651
"2011-08-16",-0.735017839
"2011-08-17",0.412197745
"2011-08-18",-2.248930025
"2011-08-19",-2.012366463
"2011-08-22",1.090886218
"2011-08-23",1.017507263
"2011-08-24",-1.21980006
"2011-08-25",-1.013521647
"2011-08-26",-1.915078114
"2011-08-29",3.554593451
"2011-08-30",1.64106462
"2011-09-02",0.776818965
"2011-09-05",-0.453403399
"2011-09-06",0.934383813
"2011-09-07",1.184632473
"2011-09-08",0.556537264
"2011-09-09",-1.836976325
"2011-09-12",-2.251695694
"2011-09-13",-0.118320347
"2011-09-14",1.438706875
"2011-09-15",1.251975625
"2011-09-16",0.168304107
"2011-09-19",-1.033990424
"2011-09-20",2.128440546
"2011-09-21",-0.135304036
"2011-09-22",-4.168888131
"2011-09-23",-1.141828753
"2011-09-26",-0.666798263
"2011-09-27",2.770748216
"2011-09-28",-0.511238675
"2011-09-29",1.396425635
"2011-09-30",-1.450017752
"2011-10-03",-1.914740277
"2011-10-04",-1.607869021
"2011-10-05",-0.437869293
"2011-10-07",2.837518729
"2011-10-10",1.855617514
"2011-10-11",-0.10548577
"2011-10-12",2.482813816
"2011-10-13",-0.423490371
"2011-10-14",1.066590084
"2011-10-17",-0.274127998
"2011-10-18",-1.590265648
"2011-10-19",1.997774987
"2011-10-20",-0.923665447
"2011-10-21",-0.827264175
"2011-10-24",0.95385962
"2011-10-25",1.812497652
"2011-10-28",3.205264636
"2011-10-31",-0.638144572
"2011-11-01",-1.297190019
"2011-11-02",0.009508957
"2011-11-03",0.138724192
"2011-11-04",0.349768744
"2011-11-08",0.097411042
"2011-11-09",-1.299688975
"2011-11-11",-1.004824815
"2011-11-14",-0.397395157
"2011-11-15",-1.563137812
"2011-11-16",-0.753543368
"2011-11-17",-1.920746912
"2011-11-18",-0.588387426
"2011-11-21",-2.632281972
"2011-11-22",0.709023152
"2011-11-23",-2.225160075
"2011-11-25",0.076453237
"2011-11-28",2.954818779
"2011-11-29",-0.956879583
"2011-11-30",0.559289366
"2011-12-01",2.145672793
"2011-12-02",2.269043071
"2011-12-05",-0.218052879
"2011-12-07",0.464280693
"2011-12-08",-2.37762996
"2011-12-09",-1.568777555
"2011-12-12",-2.120252083
"2011-12-13",0.75273218
"2011-12-14",-0.781072208
"2011-12-15",-0.355428619
"2011-12-16",-2.016465475
"2011-12-19",-0.831116405
"2011-12-20",-1.504836586
"2011-12-21",3.225224048
"2011-12-22",0.863486755
"2011-12-23",-0.420204103
"2011-12-27",0.771307115
"2011-12-28",-0.94541267
"2011-12-29",-1.273530633
"2011-12-30",-0.473547671
"2012-01-03",3.003548729
"2012-01-04",-0.328954265
"2012-01-05",0.006322223
"2012-01-06",0.087329138
"2012-01-09",-0.237978676
"2012-01-10",2.225823944
"2012-01-11",0.234805538
"2012-01-12",-0.612869889
"2012-01-13",0.716701101
"2012-01-16",0.162217357
"2012-01-17",1.898197569
"2012-01-18",-0.23178252
"2012-01-19",1.255256992
"2012-01-20",0.599985813
"2012-01-23",-0.046560329
"2012-01-24",1.594358238
"2012-01-25",0.601805442
"2012-01-27",0.895507106
"2012-01-30",-2.281490148
"2012-01-31",2.176718485
"2012-02-01",0.698620365
"2012-02-02",0.651078045
"2012-02-03",1.05609731
"2012-02-06",0.669940371
"2012-02-07",-0.495476305
"2012-02-08",0.616634219
"2012-02-09",0.820007291
"2012-02-10",-0.569765149
"2012-02-13",0.159678034
"2012-02-14",0.478420519
"2012-02-15",2.117367933
"2012-02-16",-0.18093166
"2012-02-17",0.76400614
"2012-02-21",0.767139609
"2012-02-22",-1.832218718
"2012-02-23",-0.401329058
"2012-02-24",-0.989689766
"2012-02-27",-2.765679461
"2012-02-28",1.769821134
"2012-02-29",0.180289345
"2012-03-01",-0.847565099
"2012-03-02",0.36638819
"2012-03-05",-1.48503154
"2012-03-06",-1.103535425
"2012-03-07",-0.037340516
"2012-03-09",2.143337864
"2012-03-12",0.486295877
"2012-03-13",1.296706878
"2012-03-14",0.631575394
"2012-03-15",-1.538149596
"2012-03-16",-1.170283644
"2012-03-19",-1.150847445
"2012-03-20",0.338026568
"2012-03-21",1.693683133
"2012-03-22",-2.577218839
"2012-03-23",0.947026311
"2012-03-26",-1.795998431
"2012-03-27",1.129726093
"2012-03-28",-0.927394393
"2012-03-29",-0.306545744
"2012-03-30",2.228376559
"2012-04-02",0.421166186
"2012-04-03",0.760561495
"2012-04-04",-0.66658359
"2012-04-09",-1.676604335
"2012-04-10",0.175609805
"2012-04-11",-0.319948311
"2012-04-12",0.952052643
"2012-04-13",-1.323901721
"2012-04-16",0.359414385
"2012-04-17",1.207709648
"2012-04-18",0.194525015
"2012-04-19",0.609457939
"2012-04-20",-0.782246799
"2012-04-23",-1.720490962
"2012-04-24",0.423089489
"2012-04-25",-0.396175019
"2012-04-26",-0.250216664
"2012-04-27",0.030831586
"2012-04-30",1.10262987
"2012-05-02",-0.171636215
"2012-05-03",-0.973390713
"2012-05-04",-1.976654799
"2012-05-07",0.535239091
"2012-05-08",-2.258323714
"2012-05-09",-0.504282191
"2012-05-10",-0.183081574
"2012-05-11",-0.743849419
"2012-05-14",-0.429008319
"2012-05-15",0.710619631
"2012-05-16",-1.725364197
"2012-05-17",0.245675335
"2012-05-18",0.435377886
"2012-05-22",-0.63475097
"2012-05-23",-0.51257772
"2012-05-24",1.757748695
"2012-05-25",-0.020321486
"2012-05-28",1.317395833
"2012-05-29",0.089220271
"2012-05-30",-0.791688896
"2012-05-31",-0.536710149
"2012-06-01",-1.692671398
"2012-06-04",0.135190396
"2012-06-05",0.312001093
"2012-06-06",2.714058404
"2012-06-07",1.04611509
"2012-06-08",0.36964255
"2012-06-11",-0.281552572
"2012-06-12",1.215350352
"2012-06-13",0.10843223
"2012-06-14",-1.310924495
"2012-06-15",1.653980421
"2012-06-18",-1.466214776
"2012-06-19",0.778912432
"2012-06-20",0.326664098
"2012-06-21",0.864328556
"2012-06-22",-0.367571043
"2012-06-25",-0.612044037
"2012-06-26",0.120168693
"2012-06-27",0.411200327
"2012-06-28",0.140899157
"2012-06-29",2.488609064
"2012-07-02",-0.005679464
"2012-07-03",0.176975452
"2012-07-04",0.275711602
"2012-07-05",0.465670647
"2012-07-06",-0.194463915
"2012-07-09",-0.789277095
"2012-07-10",1.32199459
"2012-07-11",-0.733228529
"2012-07-12",-1.34801584
"2012-07-13",-0.15292715
"2012-07-16",-0.575568762
"2012-07-17",-0.084694133
"2012-07-18",0.450560265
"2012-07-19",0.504836919
"2012-07-20",-0.719773712
"2012-07-23",-1.688492653
"2012-07-24",0.200075209
"2012-07-25",-0.363361613
"2012-07-26",-1.311999928
"2012-07-27",1.121000359
"2012-07-30",1.940897907
"2012-07-31",0.559992946
"2012-08-01",0.219685842
"2012-08-02",-0.243593844
"2012-08-03",-0.23076301
"2012-08-06",1.273555363
"2012-08-07",1.019862231
"2012-08-08",0.024352997
"2012-08-09",-0.282335334
"2012-08-10",-0.04792275
"2012-08-13",0.515547208
"2012-08-14",0.604950374
"2012-08-16",-0.323921273
"2012-08-17",0.062438837
"2012-08-21",1.014167867
"2012-08-22",-0.150452587
"2012-08-23",0.046175726
"2012-08-24",-0.530454289
"2012-08-27",-0.678969999
"2012-08-29",-1.174104537
"2012-08-30",0.514013893
"2012-08-31",-1.069656736
"2012-09-03",-0.090370764
"2012-09-04",0.384698059
"2012-09-05",-0.920029039
"2012-09-06",0.242729201
"2012-09-07",1.960276282
"2012-09-10",0.398860878
"2012-09-11",0.493792376
"2012-09-12",0.757789413
"2012-09-13",0.080065484
"2012-09-14",2.584358933
"2012-09-17",0.578319631
"2012-09-18",-0.177522814
"2012-09-20",-0.821209092
"2012-09-21",2.434891905
"2012-09-24",-0.379373378
"2012-09-25",0.075810903
"2012-09-26",-0.184341313
"2012-09-27",-0.246623598
"2012-09-28",0.947787477
"2012-10-01",0.271403858
"2012-10-03",0.2174698
"2012-10-04",0.978405773
"2012-10-05",-0.704840147
"2012-10-08",-1.242255398
"2012-10-09",0.502612474
"2012-10-10",-0.923689757
"2012-10-11",0.984143852
"2012-10-12",-0.562189113
"2012-10-15",0.19712934
"2012-10-16",-0.692532708
"2012-10-17",0.216656066
"2012-10-18",1.027348014
"2012-10-19",-0.604234861
"2012-10-22",0.577122002
"2012-10-23",-0.451416598
"2012-10-25",0.243928674
"2012-10-29",-0.698271354
"2012-10-30",-1.202130965
"2012-10-31",0.388680649
"2012-11-01",0.450070391
"2012-11-02",0.928359856
"2012-11-05",0.114016093
"2012-11-06",0.353494354
"2012-11-07",0.621712923
"2012-11-08",-0.371343604
"2012-11-09",-0.919043668
"2012-11-12",-0.044851643
"2012-11-15",-0.93154172
"2012-11-16",-1.016518207
"2012-11-19",-0.047551287
"2012-11-20",0.002690533
"2012-11-21",0.773267724
"2012-11-22",0.230378362
"2012-11-23",-0.020434807
"2012-11-26",0.165146403
"2012-11-27",1.611360612
"2012-11-29",1.688855986
"2012-11-30",0.937226854
"2012-12-03",-0.151477411
"2012-12-04",0.311216121
"2012-12-05",0.190843799
"2012-12-06",0.51388626
"2012-12-07",-0.397016992
"2012-12-10",0.025388659
"2012-12-11",-0.171076507
"2012-12-12",-0.183252586
"2012-12-13",-0.621834279
"2012-12-14",0.479071036
"2012-12-17",-0.369758808
"2012-12-18",0.661863685
"2012-12-19",0.554697581
"2012-12-20",-0.222863427
"2012-12-21",-1.167968437
"2012-12-24",0.137562955
"2012-12-26",0.847698534
"2012-12-27",-0.602938372
"2012-12-28",0.649493504
"2012-12-31",-0.05502203
"2013-01-02",1.48174351
"2013-01-03",0.270771447
"2013-01-04",0.11059532
"2013-01-07",-0.462325533
"2013-01-08",0.221854669
"2013-01-09",-0.504464285
"2013-01-10",-0.047739731
"2013-01-11",-0.291110455
"2013-01-14",1.21501079
"2013-01-15",0.538884447
"2013-01-16",-0.908083134
"2013-01-17",0.620381388
"2013-01-18",0.416400794
"2013-01-21",0.294728868
"2013-01-22",-0.557257439
"2013-01-23",0.095842371
"2013-01-24",-0.578943483
"2013-01-25",0.914506203
"2013-01-28",0.00246764
"2013-01-29",-0.410730788
"2013-01-30",0.096650707
"2013-01-31",-0.347380524
"2013-02-01",-0.595832586
"2013-02-04",-0.19438946
"2013-02-05",-0.508201307
"2013-02-06",0.038608152
"2013-02-07",-0.342921678
"2013-02-08",-0.596166451
"2013-02-11",-0.095750109
"2013-02-12",0.417076277
"2013-02-13",0.176293567
"2013-02-14",-0.608629151
"2013-02-15",-0.162084374
"2013-02-18",0.183279526
"2013-02-19",0.70114072
"2013-02-20",0.056377681
"2013-02-21",-1.539623406
"2013-02-22",-0.033329409
"2013-02-25",0.076038899
"2013-02-26",-1.608145839
"2013-02-27",0.615143586
"2013-02-28",-1.807717672
"2013-03-01",0.467029227
"2013-03-04",-0.37134083
"2013-03-05",1.493572429
"2013-03-06",0.592099316
"2013-03-07",0.765285194
"2013-03-08",1.395575036
"2013-03-11",-0.05636076
"2013-03-12",-0.476534764
"2013-03-13",-1.069254504
"2013-03-14",0.982138192
"2013-03-15",-0.617070115
"2013-03-18",-0.638037284
"2013-03-19",-1.542181692
"2013-03-20",-0.901207418
"2013-03-21",-0.628019886
"2013-03-22",-0.130854782
"2013-03-25",-0.310140959
"2013-03-26",0.137466817
"2013-03-28",0.723231075
"2013-04-01",0.383774848
"2013-04-02",0.763159265
"2013-04-03",-1.316894879
"2013-04-04",-1.745296033
"2013-04-05",-0.386413134
"2013-04-08",-0.185645671
"2013-04-09",-0.867008142
"2013-04-10",1.150749929
"2013-04-11",0.633029167
"2013-04-12",-1.17690551
"2013-04-15",0.718220232
"2013-04-16",2.141798918
"2013-04-17",-0.00439458
"2013-04-18",1.645810261
"2013-04-22",0.883152797
"2013-04-23",0.042840131
"2013-04-25",1.351140323
"2013-04-26",-0.760956515
"2013-04-29",0.554538602
"2013-04-30",0.441093082
"2013-05-02",1.159317412
"2013-05-03",-0.926883889
"2013-05-06",0.454045121
"2013-05-07",1.206879669
"2013-05-08",0.425168967
"2013-05-09",-0.316019601
"2013-05-10",0.734469588
"2013-05-13",-1.893189624
"2013-05-14",0.249664361
"2013-05-15",2.493099462
"2013-05-16",0.375912765
"2013-05-17",0.281615807
"2013-05-20",-0.492538431
"2013-05-21",-0.697579305
"2013-05-22",-0.32108701
"2013-05-23",-2.113408992
"2013-05-24",0.276136947
"2013-05-27",1.65086332
"2013-05-28",0.460869704
"2013-05-29",-0.113792603
"2013-05-30",0.323020159
"2013-05-31",-2.280852127
"2013-06-03",-0.782384077
"2013-06-04",-0.334767626
"2013-06-05",0.074301967
"2013-06-06",-0.041370091
"2013-06-07",-0.684607545
"2013-06-10",-0.051024748
"2013-06-11",-1.529158552
"2013-06-12",-0.495275224
"2013-06-13",-1.066394546
"2013-06-14",1.899684409
"2013-06-17",0.714504597
"2013-06-18",-0.625015771
"2013-06-19",0.148676785
"2013-06-20",-2.898755414
"2013-06-21",0.207532168
"2013-06-24",-1.375054363
"2013-06-25",0.336628738
"2013-06-26",-0.364355934
"2013-06-27",1.661815982
"2013-06-28",2.774257491
"2013-07-01",0.964996155
"2013-07-02",-0.702603913
"2013-07-03",-1.490336345
"2013-07-04",1.138040297
"2013-07-05",0.528836831
"2013-07-08",-0.964951882
"2013-07-09",0.813165747
"2013-07-10",-0.724581636
"2013-07-11",2.015076937
"2013-07-12",1.237445178
"2013-07-15",0.362129418
"2013-07-16",-1.260645608
"2013-07-17",0.302632235
"2013-07-18",1.078157398
"2013-07-19",-0.146671544
"2013-07-22",0.043107693
"2013-07-23",0.759731498
"2013-07-24",-1.446787516
"2013-07-25",-1.395215102
"2013-07-26",-0.361206873
"2013-07-29",-0.931069891
"2013-07-30",-1.322226615
"2013-07-31",-0.22701146
"2013-08-01",-0.246732248
"2013-08-02",-0.875883035
"2013-08-05",0.132003929
"2013-08-06",-2.550091266
"2013-08-07",-0.418573428
"2013-08-08",0.839894059
"2013-08-12",0.836465634
"2013-08-13",1.536490787
"2013-08-14",0.751646691
"2013-08-16",-4.168542781
"2013-08-19",-1.704765378
"2013-08-20",-0.245923913
"2013-08-21",-1.847967211
"2013-08-22",1.977478136
"2013-08-23",1.163591069
"2013-08-26",0.086771864
"2013-08-27",-3.513008578
"2013-08-28",-0.046350568
"2013-08-29",2.320082127
"2013-08-30",1.153415366
"2013-09-02",1.432545951
"2013-09-03",-3.84358655
"2013-09-04",1.97697537
"2013-09-05",2.623996901
"2013-09-06",1.551472462
"2013-09-10",3.737971608
"2013-09-11",0.277731615
"2013-09-12",-1.061732225
"2013-09-13",-0.001710881
"2013-09-16",-0.171929973
"2013-09-17",0.165094503
"2013-09-18",0.838327726
"2013-09-19",3.597551659
"2013-09-20",-1.706055453
"2013-09-23",-2.056056945
"2013-09-24",0.045835163
"2013-09-25",-0.316159076
"2013-09-26",0.142902896
"2013-09-27",-0.837357344
"2013-09-30",-1.692574281
"2013-10-01",0.777227384
"2013-10-03",2.218280238
"2013-10-04",-0.040626058
"2013-10-07",-0.019467681
"2013-10-08",0.376018126
"2013-10-09",1.324605255
"2013-10-10",0.224468844
"2013-10-11",1.242057167
"2013-10-14",0.270294777
"2013-10-15",-0.387656201
"2013-10-17",-0.711994164
"2013-10-18",2.345798647
"2013-10-21",0.25173032
"2013-10-22",-0.034662056
"2013-10-23",-0.394951018
"2013-10-24",-0.226854834
"2013-10-25",-0.31602594
"2013-10-28",-0.71533548
"2013-10-29",1.944547632
"2013-10-30",0.493888289
"2013-10-31",0.756123015
"2013-11-01",0.127718079
"2013-11-05",-0.860654778
"2013-11-06",-0.609547705
"2013-11-07",-0.449912108
"2013-11-08",-0.75438385
"2013-11-11",-1.013960859
"2013-11-12",-1.004402182
"2013-11-13",-0.473860589
"2013-11-14",1.104962029
"2013-11-18",2.169925423
"2013-11-19",0.23159617
"2013-11-20",-1.30536599
"2013-11-21",-2.043473375
"2013-11-22",-0.060021001
"2013-11-25",1.980113898
"2013-11-26",-0.924072946
"2013-11-27",-0.033013651
"2013-11-28",0.57206745
"2013-11-29",1.373519181
"2013-12-02",0.673718343
"2013-12-03",-0.257655315
"2013-12-04",-0.661663225
"2013-12-05",1.292544641
"2013-12-06",0.30077304
"2013-12-09",1.647718668
"2013-12-10",-0.48909944
"2013-12-11",-0.394758661
"2013-12-12",-1.129551774
"2013-12-13",-1.10678137
"2013-12-16",-0.222341985
"2013-12-17",-0.254607407
"2013-12-18",1.264161143
"2013-12-19",-0.815586181
"2013-12-20",1.729823109
"2013-12-23",0.163232842
"2013-12-24",-0.256516129
"2013-12-26",0.167366726
"2013-12-27",0.554289271
"2013-12-30",-0.360173135
"2013-12-31",0.204840085
"2014-01-02",-1.322959113
"2014-01-03",-0.160871316
"2014-01-06",-0.317670866
"2014-01-07",-0.4727369
"2014-01-08",0.200214831
"2014-01-09",-0.101272393
"2014-01-10",0.050245509
"2014-01-13",1.628100492
"2014-01-14",-0.493822653
"2014-01-15",1.258495919
"2014-01-16",-0.031646071
"2014-01-17",-0.910141386
"2014-01-20",0.673273897
"2014-01-21",0.156123102
"2014-01-22",0.397548734
"2014-01-23",0.1056353
"2014-01-24",-1.251164445
"2014-01-27",-2.110924516
"2014-01-28",-0.156581655
"2014-01-29",-0.097987188
"2014-01-30",-0.763493865
"2014-01-31",0.259796983
"2014-02-03",-1.450658485
"2014-02-04",-0.014994999
"2014-02-05",0.357639305
"2014-02-06",0.230537435
"2014-02-07",0.444653663
"2014-02-10",-0.160935602
"2014-02-11",0.152688791
"2014-02-12",0.350709677
"2014-02-13",-1.371957237
"2014-02-14",0.784272169
"2014-02-18",1.293604703
"2014-02-19",0.41775656
"2014-02-20",-1.001295566
"2014-02-21",1.04517193
"2014-02-24",0.496695547
"2014-02-25",0.225246958
"2014-02-26",0.623049986
"2014-02-28",0.609639994
"2014-03-03",-0.888119488
"2014-03-04",1.222118468
"2014-03-05",0.486271321
"2014-03-06",1.139071863
"2014-03-07",1.941613337
"2014-03-10",0.16228079
"2014-03-11",-0.388533042
"2014-03-12",0.076753044
"2014-03-13",-0.365869811
"2014-03-14",0.170806246
"2014-03-18",0.191227312
"2014-03-19",0.113489357
"2014-03-20",-0.629651271
"2014-03-21",0.155669944
"2014-03-24",1.381101328
"2014-03-25",0.094889271
"2014-03-26",0.176632143
"2014-03-27",0.609375002
"2014-03-28",0.811990122
"2014-03-31",0.12388406
"2014-04-01",0.251013847
"2014-04-02",0.467581913
"2014-04-03",-0.243904546
"2014-04-04",-0.621723529
"2014-04-07",0.010451656
"2014-04-09",1.499524299
"2014-04-10",0.002938467
"2014-04-11",-0.296184441
"2014-04-15",-0.639552528
"2014-04-16",-0.862155834
"2014-04-17",1.547447022
"2014-04-21",0.562623532
"2014-04-22",-0.033738791
"2014-04-23",0.372721985
"2014-04-25",-0.852203087
"2014-04-28",-0.317484023
"2014-04-29",-0.682672484
"2014-04-30",-0.281100539
"2014-05-02",-0.023897749
"2014-05-05",0.067944486
"2014-05-06",0.237795465
"2014-05-07",-0.938826554
"2014-05-08",0.109676599
"2014-05-09",2.943549441
"2014-05-12",2.241132324
"2014-05-13",1.338262556
"2014-05-14",0
"2014-05-15",0.202360997
"2014-05-16",1.11475763
"2014-05-19",0.837105724
"2014-05-20",0.164387607
"2014-05-21",-0.311116379
"2014-05-22",0.323484556
"2014-05-23",1.238793393
"2014-05-26",-0.109333313
"2014-05-27",-0.559375519
"2014-05-28",0.159068586
"2014-05-29",-1.290756886
"2014-05-30",-0.078803607
"2014-06-02",1.816740145
"2014-06-03",0.722006571
"2014-06-04",-0.183560664
"2014-06-05",0.965971571
"2014-06-06",1.451791127
"2014-06-09",0.934515205
"2014-06-10",0.023509956
"2014-06-11",-0.386695781
"2014-06-12",0.301763427
"2014-06-13",-1.419189231
"2014-06-16",-0.113431845
"2014-06-17",1.294429846
"2014-06-18",-0.967755834
"2014-06-19",-0.231805064
"2014-06-20",-0.388649277
"2014-06-23",-0.241257545
"2014-06-24",1.152363671
"2014-06-25",-0.144562305
"2014-06-26",-1.009801857
"2014-06-27",0.207967138
"2014-06-30",1.356492708
"2014-07-01",0.306310362
"2014-07-02",1.177755668
"2014-07-03",-0.134069079
"2014-07-04",0.475874963
"2014-07-07",0.457564047
"2014-07-08",-2.127867207
"2014-07-09",-0.502364187
"2014-07-10",-0.227681542
"2014-07-11",-1.439399081
"2014-07-14",-0.073089539
"2014-07-15",0.967913155
"2014-07-16",1.290357534
"2014-07-17",0.210290947
"2014-07-18",0.306445229
"2014-07-21",0.264531827
"2014-07-22",1.082713529
"2014-07-23",0.358528002
"2014-07-24",0.446043449
"2014-07-25",-0.514049824
"2014-07-28",-0.537353709
"2014-07-30",0.549543622
"2014-07-31",-0.903783044
"2014-08-01",-1.549241145
"2014-08-04",1.060437507
"2014-08-05",0.815287578
"2014-08-06",-0.966372844
"2014-08-07",-0.297622549
"2014-08-08",-1.060612609
"2014-08-11",0.755545279
"2014-08-12",1.317020396
"2014-08-13",0.161638667
"2014-08-14",0.67155685
"2014-08-18",1.053885244
"2014-08-19",0.294831161
"2014-08-20",-0.281499927
"2014-08-21",0.200430008
"2014-08-22",0.279672135
"2014-08-25",-0.087239054
"2014-08-26",-0.019604071
"2014-08-27",0.395180115
"2014-08-28",0.230331536
"2014-09-01",0.917912425
"2014-09-02",0.687116703
"2014-09-03",0.389566796
"2014-09-04",-0.230095959
"2014-09-05",-0.112466303
"2014-09-08",1.070684148
"2014-09-09",-0.25662903
"2014-09-10",-0.724443563
"2014-09-11",-0.103831975
"2014-09-12",0.244575008
"2014-09-15",-0.786503512
"2014-09-16",-1.365915212
"2014-09-17",0.535568627
"2014-09-18",1.730905071
"2014-09-19",0.082534036
"2014-09-22",0.305507875
"2014-09-23",-1.59309479
"2014-09-24",-0.189138008
"2014-09-25",-1.137983655
"2014-09-26",0.717855561
"2014-09-29",-0.124941647
"2014-09-30",0.074102159
"2014-10-01",-0.241980973
"2014-10-07",-1.179279382
"2014-10-08",-0.123601738
"2014-10-09",1.491488068
"2014-10-10",-1.271779846
"2014-10-13",0.308682863
"2014-10-14",-0.257171573
"2014-10-16",-1.483479931
"2014-10-17",0.405721861
"2014-10-20",1.27339443
"2014-10-21",0.611751628
"2014-10-22",0.855963537
"2014-10-27",-0.052537055
"2014-10-28",0.44820887
"2014-10-29",0.779876164
"2014-10-30",0.968663088
"2014-10-31",1.855565766
"2014-11-03",0.023430905
"2014-11-05",0.169835976
"2014-11-07",-0.015589581
"2014-11-10",0.086923947
"2014-11-11",0.220273033
"2014-11-12",0.24661992
"2014-11-13",-0.304043818
"2014-11-14",0.382747777
"2014-11-17",0.485708801
"2014-11-18",-0.057539421
"2014-11-19",-0.518802528
"2014-11-20",0.23356007
"2014-11-21",0.893993765
"2014-11-24",0.620913725
"2014-11-25",-0.789150153
"2014-11-26",0.149365432
"2014-11-27",0.217445571
"2014-11-28",1.101138934
"2014-12-01",-0.377384088
"2014-12-02",-0.365329426
"2014-12-03",0.15179852
"2014-12-04",0.312828235
"2014-12-05",-0.305222052
"2014-12-08",-1.178696074
"2014-12-09",-1.162777202
"2014-12-10",0.179083438
"2014-12-11",-0.753822936
"2014-12-12",-0.833095346
"2014-12-15",-0.054732211
"2014-12-16",-1.866544617
"2014-12-17",-0.469645566
"2014-12-18",1.599876032
"2014-12-19",0.804427917
"2014-12-22",1.194027232
"2014-12-23",-0.687122226
"2014-12-24",-1.130105534
"2014-12-26",0.324890937
"2014-12-29",0.554505092
"2014-12-30",0.023646542
"2014-12-31",0.416796915
"2015-01-02",1.352088991
"2015-01-05",-0.203290359
"2015-01-06",-3.042208292
"2015-01-07",-0.311162979
"2015-01-08",1.622144246
"2015-01-09",0.604155718
"2015-01-12",0.463646774
"2015-01-13",-0.283949666
"2015-01-14",-0.26362628
"2015-01-15",2.583072995
"2015-01-16",0.231061622
"2015-01-19",0.432482032
"2015-01-20",1.680393189
"2015-01-21",0.389098876
"2015-01-22",0.364765967
"2015-01-23",0.843321685
"2015-01-27",0.844138566
"2015-01-28",0.042635034
"2015-01-29",0.425931705
"2015-01-30",-1.615340564
"2015-02-02",-0.13063507
"2015-02-03",-0.465429823
"2015-02-04",-0.375848721
"2015-02-05",-0.137651005
"2015-02-06",-0.583103241
"2015-02-09",-1.56746172
"2015-02-10",0.458699915
"2015-02-11",0.719490862
"2015-02-12",0.970647863
"2015-02-13",1.072681727
"2015-02-16",0.043708684
"2015-02-18",0.675966843
"2015-02-19",0.294974389
"2015-02-20",-0.696043708
"2015-02-23",-0.894331132
"2015-02-24",0.081628066
"2015-02-25",0.058763056
"2015-02-26",-0.955825449
"2015-02-27",1.83421254
"2015-03-02",1.260037884
"2015-03-03",0.440038587
"2015-03-04",-0.821479239
"2015-03-05",0.169084821
"2015-03-09",-2.045904811
"2015-03-10",-0.511772914
"2015-03-11",-0.138980144
"2015-03-12",0.870342201
"2015-03-13",-1.472155147
"2015-03-16",-0.168968196
"2015-03-17",1.038809477
"2015-03-18",-0.429651807
"2015-03-19",-0.591784294
"2015-03-20",-0.741043313
"2015-03-23",-0.233620393
"2015-03-24",-0.093018198
"2015-03-25",-0.142328342
"2015-03-26",-2.236209711
"2015-03-27",-0.008990892
"2015-03-30",1.792873277
"2015-03-31",-0.015306857
"2015-04-01",1.115530753
"2015-04-06",0.854113372
"2015-04-07",0.004612118
"2015-04-08",0.622753316
"2015-04-09",0.730587017
"2015-04-10",0.023348091
"2015-04-13",0.609168748
"2015-04-16",-1.451504653
"2015-04-17",-1.163323223
"2015-04-20",-1.851811664
"2015-04-21",-0.836213575
"2015-04-22",0.618182534
"2015-04-23",-0.37319262
"2015-04-24",-1.11414362
"2015-04-27",-1.107220217
"2015-04-28",0.870337836
"2015-04-29",-0.554901749
"2015-04-30",-0.709449577
"2015-05-04",1.822203798
"2015-05-05",-0.085855777
"2015-05-06",-2.774536539
"2015-05-07",-0.491513414
"2015-05-08",1.651854271
"2015-05-11",1.619603417
"2015-05-12",-2.410734199
"2015-05-13",1.326230721
"2015-05-14",-0.136697943
"2015-05-15",0.462795219
"2015-05-18",1.338091391
"2015-05-19",-0.09558345
"2015-05-20",0.686165669
"2015-05-21",-0.026715348
"2015-05-22",0.449648948
"2015-05-25",-1.05413229
"2015-05-26",-0.369852379
"2015-05-27",-0.056975106
"2015-05-28",-0.187342248
"2015-05-29",1.368764678
"2015-06-01",-0.002964359
"2015-06-02",-2.363060893
"2015-06-03",-1.23814044
"2015-06-04",-0.054718601
"2015-06-05",-0.196360338
"2015-06-08",-0.873214874
"2015-06-09",-0.270749023
"2015-06-10",1.264044085
"2015-06-11",-1.977716075
"2015-06-12",0.220084483
"2015-06-15",0.387578005
"2015-06-16",0.415908539
"2015-06-17",0.548367597
"2015-06-18",1.021151473
"2015-06-19",0.614044348
"2015-06-22",1.546043933
"2015-06-23",0.34001576
"2015-06-24",-0.247278844
"2015-06-25",0.443353241
"2015-06-26",-0.201445807
"2015-06-29",-0.750914858
"2015-06-30",0.600468137
"2015-07-01",1.005264291
"2015-07-02",-0.096454476
"2015-07-03",0.472540403
"2015-07-06",0.438054311
"2015-07-07",-0.133277999
"2015-07-08",-1.751275253
"2015-07-09",-0.41338218
"2015-07-10",0.38348431
"2015-07-13",1.178365673
"2015-07-14",-0.065636319
"2015-07-15",0.82107433
"2015-07-16",0.983556138
"2015-07-17",0.020906205
"2015-07-20",-0.074354301
"2015-07-21",-0.86384043
"2015-07-22",1.212508086
"2015-07-23",-0.507455477
"2015-07-24",-0.797720384
"2015-07-27",-1.902018909
"2015-07-28",-0.287459774
"2015-07-29",0.455358509
"2015-07-30",0.556653442
"2015-07-31",1.309981587
"2015-08-03",0.119468923
"2015-08-04",-0.30655933
"2015-08-05",0.597604953
"2015-08-06",0.241308938
"2015-08-07",-0.280422626
"2015-08-10",-0.456402728
"2015-08-11",-0.744648944
"2015-08-12",-1.343117484
"2015-08-13",0.076615379
"2015-08-14",1.928427002
"2015-08-17",-0.48541358
"2015-08-18",-0.126889717
"2015-08-19",0.337237573
"2015-08-20",-1.45130735
"2015-08-21",-0.873287068
"2015-08-24",-6.097259954
"2015-08-25",0.913984251
"2015-08-26",-1.133842902
"2015-08-27",1.996154087
"2015-08-28",0.664541734
"2015-08-31",-0.383771972
"2015-09-01",-2.353957047
"2015-09-02",-0.888230872
"2015-09-03",1.364242523
"2015-09-04",-2.170257745
"2015-09-07",-1.265311366
"2015-09-08",1.698076775
"2015-09-09",1.681233354
"2015-09-10",-0.390858265
"2015-09-11",0.015403174
"2015-09-14",1.05929454
"2015-09-15",-0.549634403
"2015-09-16",0.890757304
"2015-09-18",1.042131974
"2015-09-21",-0.060151699
"2015-09-22",-2.091393612
"2015-09-23",0.433648697
"2015-09-24",0.286994707
"2015-09-28",-0.929512237
"2015-09-29",0.608731458
"2015-09-30",1.337390276
"2015-10-01",0.02515755
"2015-10-05",2.095880198
"2015-10-06",0.41297607
"2015-10-07",0.300055953
"2015-10-08",-0.589325816
"2015-10-09",0.739630943
"2015-10-12",-0.564493633
"2015-10-13",-0.146232687
"2015-10-14",-0.293114484
"2015-10-15",0.879214108
"2015-10-16",0.714482752
"2015-10-19",0.446908837
"2015-10-20",-0.16205672
"2015-10-21",-0.120510934
"2015-10-23",0.528793187
"2015-10-26",-0.421604763
"2015-10-27",-0.335277818
"2015-10-28",-0.752256863
"2015-10-29",-0.730217298
"2015-10-30",-0.568075134
"2015-11-02",-0.186143538
"2015-11-03",0.12289845
"2015-11-04",-0.254644282
"2015-11-05",-1.059672986
"2015-11-06",-0.014461454
"2015-11-09",-0.492765222
"2015-11-10",-1.679813685
"2015-11-13",-0.27146087
"2015-11-16",0.569730164
"2015-11-17",0.395671834
"2015-11-18",-1.358459138
"2015-11-19",1.424786894
"2015-11-20",0.175801576
"2015-11-23",-0.09295681
"2015-11-24",-0.225114196
"2015-11-26",0.664315249
"2015-11-27",0.744329606
"2015-11-30",-0.093843295
"2015-12-01",0.247321926
"2015-12-02",-0.296480566
"2015-12-03",-0.850882856
"2015-12-04",-1.051393274
"2015-12-07",-0.212255587
"2015-12-08",-0.823684683
"2015-12-09",-1.164947604
"2015-12-10",0.925748391
"2015-12-11",-0.952678844
"2015-12-14",0.518982972
"2015-12-15",0.662503423
"2015-12-16",0.647176059
"2015-12-17",1.198458682
"2015-12-18",-1.055992343
"2015-12-21",0.929708399
"2015-12-22",-0.619059523
"2015-12-23",1.020323714
"2015-12-24",-0.062318189
"2015-12-28",0.812107425
"2015-12-29",0.047940823
"2015-12-30",-0.413267971
"2015-12-31",0.63247528
"2016-01-04",-1.970501452
"2016-01-05",-0.085386803
"2016-01-06",-0.562295525
"2016-01-07",-2.256243247
"2016-01-08",0.435743019
"2016-01-11",-0.494554321
"2016-01-12",-0.710494702
"2016-01-13",0.691320151
"2016-01-14",-0.339092438
"2016-01-15",-1.32225829
"2016-01-18",-1.173872154
"2016-01-19",1.137568446
"2016-01-20",-1.706455963
"2016-01-21",-0.445630493
"2016-01-22",1.981803938
"2016-01-25",0.184401099
"2016-01-27",0.021515509
"2016-01-28",-0.176285137
"2016-01-29",1.853509849
"2016-02-01",-0.100527266
"2016-02-02",-1.337666292
"2016-02-03",-1.265425376
"2016-02-04",0.571595318
"2016-02-05",1.142824842
"2016-02-08",-1.369310192
"2016-02-09",-1.212777204
"2016-02-10",-1.136853448
"2016-02-11",-3.373336332
"2016-02-12",0.065916728
"2016-02-15",2.573689592
"2016-02-16",-1.61425755
"2016-02-17",0.850488565
"2016-02-18",1.165029101
"2016-02-19",0.263843236
"2016-02-22",0.329516542
"2016-02-23",-1.74292103
"2016-02-24",-1.286087967
"2016-02-25",-0.687672524
"2016-02-26",0.844982502
"2016-02-29",-0.609273557
"2016-03-01",3.311502695
"2016-03-02",2.00882346
"2016-03-03",1.438272739
"2016-03-04",0.130339333
"2016-03-08",-0.000671888
"2016-03-09",0.619296
"2016-03-10",-0.60793975
"2016-03-11",0.320748895
"2016-03-14",0.37942632
"2016-03-15",-1.042053276
"2016-03-16",0.510048696
"2016-03-17",0.183858943
"2016-03-18",1.21455354
"2016-03-21",1.305165983
"2016-03-22",0.138138667
"2016-03-23",0.020738205
"2016-03-28",-1.32277623
"2016-03-29",-0.237969854
"2016-03-30",1.802793292
"2016-03-31",0.041356983
"2016-04-01",-0.32812611
"2016-04-04",0.591398372
"2016-04-05",-2.025842089
"2016-04-06",0.146540069
"2016-04-07",-0.895735779
"2016-04-08",0.115881387
"2016-04-11",1.526302157
"2016-04-12",0.488290154
"2016-04-13",1.8188863
"2016-04-18",0.81509347
"2016-04-20",0.000629266
"2016-04-21",-0.034121811
"2016-04-22",-0.16127659
"2016-04-25",-0.561751103
"2016-04-26",1.360523457
"2016-04-27",0.216402106
"2016-04-28",-1.676271587
"2016-04-29",0.032487693
"2016-05-02",-0.560818337
"2016-05-03",-0.757417386
"2016-05-04",-0.523508038
"2016-05-05",0.374953191
"2016-05-06",-0.026502182
"2016-05-09",1.700090428
"2016-05-10",0.276123162
"2016-05-11",-0.495020056
"2016-05-12",0.654634205
"2016-05-13",-1.088122335
"2016-05-16",0.584986635
"2016-05-17",0.380916564
"2016-05-18",-0.261407781
"2016-05-19",-1.108386139
"2016-05-20",-0.433909003
"2016-05-23",-0.240949562
"2016-05-24",0.229979534
"2016-05-25",2.372628134
"2016-05-26",1.683935953
"2016-05-27",1.072343476
"2016-05-30",0.267522622
"2016-05-31",-0.225232395
"2016-06-01",0.242962623
"2016-06-02",0.475642544
"2016-06-03",0.022501673
"2016-06-06",-0.240533314
"2016-06-07",0.794300707
"2016-06-08",0.079804223
"2016-06-09",-0.843018564
"2016-06-10",-0.40980298
"2016-06-13",-0.730314473
"2016-06-14",-0.02157903
"2016-06-15",1.198259111
"2016-06-16",-0.805634762
"2016-06-17",0.361109892
"2016-06-20",0.832487623
"2016-06-21",-0.226019745
"2016-06-22",-0.197279524
"2016-06-23",0.810364889
"2016-06-24",-2.22332697
"2016-06-27",0.075387564
"2016-06-28",0.40868973
"2016-06-29",0.932539225
"2016-06-30",1.015668076
"2016-07-01",0.488678945
"2016-07-04",0.507222593
"2016-07-05",-0.416002601
"2016-07-07",0.023392261
"2016-07-08",-0.176461321
"2016-07-11",1.723577043
"2016-07-12",0.625695959
"2016-07-13",-0.018189609
"2016-07-14",0.53264781
"2016-07-15",-0.275915725
"2016-07-18",-0.383578211
"2016-07-19",0.233014346
"2016-07-20",0.436398647
"2016-07-21",-0.652967485
"2016-07-22",0.364788852
"2016-07-25",1.099749302
"2016-07-26",-0.522458106
"2016-07-27",0.29232563
"2016-07-28",0.584421394
"2016-07-29",-0.32129616
"2016-08-01",-0.022578173
"2016-08-02",-0.158167459
"2016-08-03",-0.909278374
"2016-08-04",0.073116739
"2016-08-05",1.532452709
"2016-08-08",0.324231722
"2016-08-09",-0.380683283
"2016-08-10",-1.193394036
"2016-08-11",0.196308609
"2016-08-16",0.584861438
"2016-08-17",-0.214286628
"2016-08-18",0.56887871
"2016-08-19",-0.073235924
"2016-08-22",-0.436516525
"2016-08-23",0.039963721
"2016-08-24",0.204829075
"2016-08-25",-0.673914215
"2016-08-26",-0.228962254
"2016-08-29",0.406291486
"2016-08-30",1.577960283
"2016-08-31",0.477459816
"2016-09-01",-0.131540398
"2016-09-02",0.398082888
"2016-09-06",1.502334745
"2016-09-07",-0.280498191
"2016-09-08",0.386670144
"2016-09-09",-0.963011435
"2016-09-12",-1.718822994
"2016-09-14",0.1261309
"2016-09-15",0.182609918
"2016-09-16",0.425739194
"2016-09-19",0.324657727
"2016-09-20",-0.369648329
"2016-09-21",0.014242538
"2016-09-22",1.023549302
"2016-09-23",-0.405677607
"2016-09-26",-1.236159002
"2016-09-27",-0.191049275
"2016-09-28",0.444087338
"2016-09-29",-1.77550622
"2016-09-30",0.231367705
"2016-10-03",1.463480952
"2016-10-04",0.354719488
"2016-10-05",-0.287786992
"2016-10-06",-0.394195264
"2016-10-07",-0.137302173
"2016-10-10",0.128690565
"2016-10-13",-1.567547712
"2016-10-14",0.117164176
"2016-10-17",-0.736681697
"2016-10-18",1.831627499
"2016-10-19",-0.216886297
"2016-10-20",0.46433567
"2016-10-21",-0.07302693
"2016-10-24",0.182742157
"2016-10-25",-0.202875208
"2016-10-26",-0.878861414
"2016-10-27",0
"2016-10-28",0.263718583
"2016-11-01",-0.136119459
"2016-11-02",-1.309801255
"2016-11-03",-0.341783847
"2016-11-04",-0.605251598
"2016-11-07",0.747750849
"2016-11-08",0.545756798
"2016-11-09",-1.314259763
"2016-11-10",1.105700404
"2016-11-11",-2.72813871
"2016-11-15",-2.290285686
"2016-11-16",0.038839613
"2016-11-17",-0.390943944
"2016-11-18",-0.072428868
"2016-11-21",-1.812187143
"2016-11-22",0.918942749
"2016-11-23",0.386640218
"2016-11-24",-0.84756621
"2016-11-25",1.850819713
"2016-11-28",0.155162185
"2016-11-29",0.187472589
"2016-11-30",1.006324362
"2016-12-01",-0.384953131
"2016-12-02",-1.303489462
"2016-12-05",0.51740816
"2016-12-06",0.176991085
"2016-12-07",-0.505997908
"2016-12-08",1.771416992
"2016-12-09",0.180516761
"2016-12-12",-1.106963011
"2016-12-13",0.622234005
"2016-12-14",-0.47974988
"2016-12-15",-0.353208115
"2016-12-16",-0.173692533
"2016-12-19",-0.432166755
"2016-12-20",-0.271212056
"2016-12-21",-0.261403644
"2016-12-22",-1.024917422
"2016-12-23",0.083306798
"2016-12-26",-0.9752185
"2016-12-27",1.563287784
"2016-12-28",0.024894664
"2016-12-29",0.852007659
"2016-12-30",1.009250252
"2017-01-02",-0.07698979
"2017-01-03",0.155756136
"2017-01-04",-0.021363935
"2017-01-05",1.011892597
"2017-01-06",-0.363249306
"2017-01-09",-0.094054263
"2017-01-10",0.636019325
"2017-01-11",1.104449414
"2017-01-12",0.316298107
"2017-01-13",-0.081517965
"2017-01-16",0.148100719
"2017-01-17",-0.176075008
"2017-01-18",0.225988797
"2017-01-19",0.214805475
"2017-01-20",-1.021788025
"2017-01-23",0.503564403
"2017-01-24",0.999573228
"2017-01-25",1.486689854
"2017-01-27",0.446532869
"2017-01-30",-0.098413809
"2017-01-31",-0.831108522
"2017-02-01",1.795432849
"2017-02-02",0.204572497
"2017-02-03",0.076682333
"2017-02-06",0.68521086
"2017-02-07",-0.372808768
"2017-02-08",0.008553174
"2017-02-09",0.106574878
"2017-02-10",0.172427279
"2017-02-13",0.130692236
"2017-02-14",-0.144908211
"2017-02-15",-0.77182103
"2017-02-16",0.609048534
"2017-02-17",0.496602608
"2017-02-20",0.64968675
"2017-02-21",0.322138175
"2017-02-22",0.213636732
"2017-02-23",0.141042529
"2017-02-27",-0.479921579
"2017-02-28",-0.192397646
"2017-03-01",0.742765961
"2017-03-02",-0.516094011
"2017-03-03",-0.024725046
"2017-03-06",0.737928332
"2017-03-07",-0.184807208
"2017-03-08",-0.25292759
"2017-03-09",0.030252087
"2017-03-10",0.084536955
"2017-03-14",1.691905897
"2017-03-15",-0.024215492
"2017-03-16",0.755552468
"2017-03-17",0.069342539
"2017-03-20",-0.363104002
"2017-03-21",-0.05863116
"2017-03-22",-1.003204254
"2017-03-23",0.616554142
"2017-03-24",0.238538508
"2017-03-27",-0.691889634
"2017-03-28",0.612804843
"2017-03-29",0.471373234
"2017-03-30",0.327011225
"2017-03-31",0
"2017-04-03",0.696298743
"2017-04-05",0.295095942
"2017-04-06",-0.0345461
"2017-04-07",-0.689596759
"2017-04-10",-0.183349764
"2017-04-11",0.603199211
"2017-04-12",-0.363872263
"2017-04-13",-0.573714917
"2017-04-17",-0.125751109
"2017-04-18",-0.374354432
"2017-04-19",-0.018127545
"2017-04-20",0.360752259
"2017-04-21",-0.186242226
"2017-04-24",1.074863602
"2017-04-25",0.95710926
"2017-04-26",0.485035902
"2017-04-27",-0.103768264
"2017-04-28",-0.408669204
"2017-05-02",0.104738207
"2017-05-03",-0.019860777
"2017-05-04",0.513610587
"2017-05-05",-0.800216498
"2017-05-08",0.309150841
"2017-05-09",0.030055497
"2017-05-10",0.966141606
"2017-05-11",0.16039118
"2017-05-12",-0.228440374
"2017-05-15",0.472242094
"2017-05-16",0.705254977
"2017-05-17",0.141821644
"2017-05-18",-1.016086691
"2017-05-19",-0.016437141
"2017-05-22",0.109716187
"2017-05-23",-0.553534151
"2017-05-24",-0.273121153
"2017-05-25",1.581355951
"2017-05-26",0.89349227
"2017-05-29",0.10209148
"2017-05-30",0.204367995
"2017-05-31",-0.034291167
"2017-06-01",-0.053545742
"2017-06-02",0.388180744
"2017-06-05",0.223499051
"2017-06-06",-0.393007211
"2017-06-07",0.277187159
"2017-06-08",-0.172443323
"2017-06-09",0.217442036
"2017-06-12",-0.537730612
"2017-06-13",-0.098838393
"2017-06-14",0.117034815
"2017-06-15",-0.417797729
"2017-06-16",0.104350923
"2017-06-19",0.72224616
"2017-06-20",-0.041942875
"2017-06-21",-0.206359671
"2017-06-22",-0.037372137
"2017-06-23",-0.573289229
"2017-06-27",-0.665921327
"2017-06-28",-0.212079871
"2017-06-29",0.13529218
"2017-06-30",0.176617983
"2017-07-03",0.983495586
"2017-07-04",-0.017684302
"2017-07-05",0.252453842
"2017-07-06",0.382663158
"2017-07-07",-0.09048441
"2017-07-10",1.083005022
"2017-07-11",0.153397009
"2017-07-12",0.306597278
"2017-07-13",0.76721864
"2017-07-14",-0.054106306
"2017-07-17",0.298961315
"2017-07-18",-0.899558842
"2017-07-19",0.734530974
"2017-07-20",-0.266018854
"2017-07-21",0.423985169
"2017-07-24",0.514549874
"2017-07-25",-0.018569972
"2017-07-26",0.56142278
"2017-07-27",-0.001003792
"2017-07-28",-0.060392212
"2017-07-31",0.623144131
"2017-08-01",0.371942249
"2017-08-02",-0.328284547
"2017-08-03",-0.675285986
"2017-08-04",0.525398286
"2017-08-07",-0.08944633
"2017-08-08",-0.787095119
"2017-08-09",-0.709023128
"2017-08-10",-0.890095804
"2017-08-11",-1.12079322
"2017-08-14",0.854666046
"2017-08-16",1.047666439
"2017-08-17",0.069192773
"2017-08-18",-0.676241245
"2017-08-21",-0.84781889
"2017-08-22",0.114756703
"2017-08-23",0.886436374
"2017-08-24",0.046168531
"2017-08-28",0.563991622
"2017-08-29",-1.184760835
"2017-08-30",0.897857301
"2017-08-31",0.338344845
"2017-09-01",0.568060503
"2017-09-04",-0.618999387
"2017-09-05",0.3961796
"2017-09-06",-0.362384879
"2017-09-07",0.138064376
"2017-09-08",0.049327844
"2017-09-11",0.714616524
"2017-09-12",0.865715829
"2017-09-13",-0.136325241
"2017-09-14",0.072397515
"2017-09-15",-0.011889934
"2017-09-18",0.669016689
"2017-09-19",-0.054676131
"2017-09-20",-0.063083531
"2017-09-21",-0.190001062
"2017-09-22",-1.568265155
"2017-09-25",-0.925557661
"2017-09-26",-0.011138613
"2017-09-27",-1.384714012
"2017-09-28",0.340433096
"2017-09-29",0.200939493
"2017-10-03",0.721705404
"2017-10-04",0.56032582
"2017-10-05",-0.264600475
"2017-10-06",0.916033848
"2017-10-09",0.090641038
"2017-10-10",0.281921789
"2017-10-11",-0.321476054
"2017-10-12",1.111504629
"2017-10-13",0.701249701
"2017-10-16",0.621616692
"2017-10-17",0.035187229
"2017-10-18",-0.230865741
"2017-10-19",-0.631711519
"2017-10-23",0.37675567
"2017-10-24",0.224107291
"2017-10-25",0.854994246
"2017-10-26",0.469498847
"2017-10-27",-0.200804742
"2017-10-30",0.392528897
"2017-10-31",-0.273932769
"2017-11-01",1.012727264
"2017-11-02",-0.160083962
"2017-11-03",0.274954984
"2017-11-06",-0.006699055
"2017-11-07",-0.977314359
"2017-11-08",-0.455133846
"2017-11-09",0.056275728
"2017-11-10",0.12408504
"2017-11-13",-0.942248828
"2017-11-14",-0.375773828
"2017-11-15",-0.675215452
"2017-11-16",0.951181591
"2017-11-17",0.671760113
"2017-11-20",0.147217336
"2017-11-21",0.272965047
"2017-11-22",0.149008348
"2017-11-23",0.062347687
"2017-11-24",0.39492101
"2017-11-27",0.094756762
"2017-11-28",-0.282138724
"2017-11-29",-0.086343722
"2017-11-30",-1.309043215
"2017-12-01",-1.029576622
"2017-12-04",0.058768669
"2017-12-05",-0.093845705
"2017-12-06",-0.735536546
"2017-12-07",1.213233429
"2017-12-08",0.968571565
"2017-12-11",0.549835106
"2017-12-12",-0.798545346
"2017-12-13",-0.461998208
"2017-12-14",0.578620054
"2017-12-15",0.788432672
"2017-12-18",0.535663862
"2017-12-19",0.714086797
"2017-12-20",-0.181753875
"2017-12-21",-0.037352014
"2017-12-22",0.503506921
"2017-12-26",0.366239797
"2017-12-27",-0.387684963
"2017-12-28",-0.12256021
"2017-12-29",0.50265048
"2018-01-02",-0.843951229
"2018-01-03",0.009576067
"2018-01-04",0.588120937
"2018-01-05",0.513205687
"2018-01-08",0.611357082
"2018-01-09",0.126058462
"2018-01-10",-0.045133853
"2018-01-11",0.178542946
"2018-01-12",0.281728768
"2018-01-15",0.56295129
"2018-01-16",-0.383356587
"2018-01-17",0.819955354
"2018-01-18",0.26336022
"2018-01-19",0.715747973
"2018-01-22",0.654138244
"2018-01-23",1.06577454
"2018-01-24",0.020747278
"2018-01-25",-0.147588647
"2018-01-29",0.547297412
"2018-01-30",-0.728135004
"2018-01-31",-0.198848159
"2018-02-01",-0.097981413
"2018-02-02",-2.353921393
"2018-02-05",-0.87786207
"2018-02-06",-1.590408165
"2018-02-07",-0.205481415
"2018-02-08",0.951385115
"2018-02-09",-1.159204445
"2018-02-12",0.807825452
"2018-02-14",-0.369281869
"2018-02-15",0.423822367
"2018-02-16",-0.887719744
"2018-02-19",-0.709527029
"2018-02-20",-0.173587708
"2018-02-21",0.356971873
"2018-02-22",-0.141962423
"2018-02-23",1.038151578
"2018-02-26",0.868861191
"2018-02-27",-0.26777647
"2018-02-28",-0.583930571
"2018-03-01",-0.329337054
"2018-03-05",-0.955947596
"2018-03-06",-1.063665692
"2018-03-07",-0.931709994
"2018-03-08",0.867298109
"2018-03-09",-0.154383687
"2018-03-12",1.884484533
"2018-03-13",0.052275072
"2018-03-14",-0.153080077
"2018-03-15",-0.488661855
"2018-03-16",-1.605459787
"2018-03-19",-0.994620053
"2018-03-20",0.297742002
"2018-03-21",0.304743833
"2018-03-22",-0.39960586
"2018-03-23",-1.16047001
"2018-03-26",1.317546616
"2018-03-27",0.526710788
"2018-03-28",-0.694166881
"2018-04-02",0.965293558
"2018-04-03",0.324588643
"2018-04-04",-1.144638403
"2018-04-05",1.923930676
"2018-04-06",0.062441758
"2018-04-09",0.461109572
"2018-04-10",0.220391118
"2018-04-11",0.143139503
"2018-04-12",0.397590062
"2018-04-13",0.209646733
"2018-04-16",0.454568972
"2018-04-17",0.193106649
"2018-04-18",-0.213524222
"2018-04-19",0.370762195
"2018-04-20",-0.011831883
"2018-04-23",0.195287165
"2018-04-24",0.279724173
"2018-04-25",-0.413500827
"2018-04-26",0.446000554
"2018-04-27",0.699201833
"2018-04-30",0.439069148
"2018-05-02",-0.198531157
"2018-05-03",-0.358911985
"2018-05-04",-0.576587923
"2018-05-07",0.911707258
"2018-05-08",0.021460108
"2018-05-09",0.222748904
"2018-05-10",-0.234412425
"2018-05-11",0.835854768
"2018-05-14",0.00092175
"2018-05-15",-0.043964285
"2018-05-16",-0.563991127
"2018-05-17",-0.545183947
"2018-05-18",-0.81112712
"2018-05-21",-0.75498692
"2018-05-22",0.189993119
"2018-05-23",-1.01446316
"2018-05-24",0.79736104
"2018-05-25",0.864637057
"2018-05-28",0.784269834
"2018-05-29",-0.519189941
"2018-05-30",-0.178374558
"2018-05-31",1.140976582
"2018-06-01",-0.372803174
"2018-06-04",-0.634948413
"2018-06-05",-0.333146965
"2018-06-06",0.860056591
"2018-06-07",0.780307122
"2018-06-08",-0.006493488
"2018-06-11",0.179078334
"2018-06-12",0.516875228
"2018-06-13",0.127657836
"2018-06-14",-0.449121014
"2018-06-15",0.089249078
"2018-06-18",-0.165149059
"2018-06-19",-0.831229036
"2018-06-20",0.573487985
"2018-06-21",-0.287733015
"2018-06-22",0.748973405
"2018-06-25",-0.550396024
"2018-06-26",0.062235926
"2018-06-27",-0.911829908
"2018-06-28",-0.774216903
"2018-06-29",1.175414631
"2018-07-02",-0.533419456
"2018-07-03",0.398934711
"2018-07-04",0.652081021
"2018-07-05",-0.187274385
"2018-07-06",0.212805253
"2018-07-09",0.742181036
"2018-07-10",0.86559218
"2018-07-11",0.009589206
"2018-07-12",0.681798519
"2018-07-13",-0.039014473
"2018-07-16",-0.747423005
"2018-07-17",0.648901996
"2018-07-18",-0.251036895
"2018-07-19",-0.212882432
"2018-07-20",0.48345213
"2018-07-23",0.67481562
"2018-07-24",0.446012654
"2018-07-25",-0.020657269
"2018-07-26",0.316600382
"2018-07-27",0.989507666
"2018-07-30",0.364637794
"2018-07-31",0.325896515
"2018-08-01",-0.090736391
"2018-08-02",-0.898597942
"2018-08-03",1.027189226
"2018-08-06",0.231228527
"2018-08-07",0.020640404
"2018-08-08",0.530222453
"2018-08-09",0.180624508
"2018-08-10",-0.359824276
"2018-08-13",-0.647350874
"2018-08-14",0.696331478
"2018-08-16",-0.438646426
"2018-08-17",0.749924288
"2018-08-20",0.703662367
"2018-08-21",0.165641868
"2018-08-23",0.102356304
"2018-08-24",-0.221698944
"2018-08-27",1.16006546
"2018-08-28",0.397345041
"2018-08-29",-0.397771016
"2018-08-30",-0.129237723
"2018-08-31",0.031683417
"2018-09-03",-0.843843078
"2018-09-04",-0.537167429
"2018-09-05",-0.376998647
"2018-09-06",0.520993483
"2018-09-07",0.451433948
"2018-09-10",-1.311511339
"2018-09-11",-1.325393535
"2018-09-12",0.727362826
"2018-09-14",1.269837173
"2018-09-17",-1.200822487
"2018-09-18",-0.872593564
"2018-09-19",-0.395774394
"2018-09-21",-0.815557706
"2018-09-24",-1.589316543
"2018-09-25",0.908111374
"2018-09-26",-0.123414295
"2018-09-27",-0.692198216
"2018-09-28",-0.429977012
"2018-10-01",0.709702569
"2018-10-03",-1.372435627
"2018-10-04",-2.414191582
"2018-10-05",-2.704351634
"2018-10-08",0.305834973
"2018-10-09",-0.455226446
"2018-10-10",1.532216865
"2018-10-11",-2.178892117
"2018-10-12",2.297371353
"2018-10-15",0.381225146
"2018-10-16",0.684926068
"2018-10-17",-1.252050281
"2018-10-19",-1.440530608
"2018-10-22",-0.567429355
"2018-10-23",-0.965581795
"2018-10-24",0.765288616
"2018-10-25",-0.981347677
"2018-10-26",-0.941717301
"2018-10-29",2.17799889
"2018-10-30",-0.512970733
"2018-10-31",1.828559268
"2018-11-01",-0.059222801
"2018-11-02",1.648593147
"2018-11-05",-0.275181651
"2018-11-06",0.056996297
"2018-11-07",0.647475704
"2018-11-09",-0.124626566
"2018-11-12",-0.977821836
"2018-11-13",0.952309425
"2018-11-14",-0.058606306
"2018-11-15",0.381262111
"2018-11-16",0.615057165
"2018-11-19",0.757270313
"2018-11-20",-1.000962552
"2018-11-21",-0.528320106
"2018-11-22",-0.693906313
"2018-11-26",0.962880767
"2018-11-27",0.534855992
"2018-11-28",0.403933422
"2018-11-29",1.203028164
"2018-11-30",0.166086358
"2018-12-03",0.064336759
"2018-12-04",-0.131014925
"2018-12-05",-0.799911969
"2018-12-06",-1.699905958
"2018-12-07",0.869227864
"2018-12-10",-1.938013094
"2018-12-11",0.577065464
"2018-12-12",1.770623906
"2018-12-13",0.501183834
"2018-12-14",0.128725217
"2018-12-17",0.764271989
"2018-12-18",0.186727947
"2018-12-19",0.535744647
"2018-12-20",-0.14233872
"2018-12-21",-1.82169348
"2018-12-24",-0.845108333
"2018-12-26",0.620284559
"2018-12-27",0.464445367
"2018-12-28",0.740314802
"2018-12-31",0.024393326
"2019-01-02",-0.646962715
"2019-01-03",-1.120453376
"2019-01-04",0.514960393
"2019-01-07",0.413507137
"2019-01-08",0.281363456
"2019-01-09",0.489443318
"2019-01-10",-0.309555704
"2019-01-11",-0.246565042
"2019-01-14",-0.532688623
"2019-01-15",1.379946421
"2019-01-16",0.032143858
"2019-01-17",0.136729077
"2019-01-18",0.016046102
"2019-01-21",0.502080863
"2019-01-22",-0.357325715
"2019-01-23",-0.838921454
"2019-01-24",0.168807306
"2019-01-25",-0.640306216
"2019-01-28",-1.109977324
"2019-01-29",-0.08773313
"2019-01-30",-0.003758831
"2019-01-31",1.667892087
"2019-02-01",0.577229203
"2019-02-04",0.170592487
"2019-02-05",0.202316308
"2019-02-06",1.164733373
"2019-02-07",0.062807179
"2019-02-08",-1.142980519
"2019-02-11",-0.502005471
"2019-02-12",-0.528536083
"2019-02-14",-0.791113225
"2019-02-15",-0.20166714
"2019-02-18",-0.781177162
"2019-02-19",-0.344552654
"2019-02-20",1.228711014
"2019-02-21",0.505447361
"2019-02-22",0.016688194
"2019-02-25",0.816267351
"2019-02-26",-0.412609203
"2019-02-27",-0.26475831
"2019-02-28",-0.131027308
"2019-03-01",0.655709775
"2019-03-05",1.134518396
"2019-03-06",0.594815418
"2019-03-07",0.047036754
"2019-03-08",-0.206392912
"2019-03-11",1.194868285
"2019-03-12",1.185192645
"2019-03-13",0.357728405
"2019-03-14",0.013663726
"2019-03-15",0.734296173
"2019-03-18",0.308886689
"2019-03-19",0.610581716
"2019-03-20",-0.098471914
"2019-03-22",-0.558357731
"2019-03-25",-0.90000795
"2019-03-26",1.129732869
"2019-03-27",-0.333214682
"2019-03-28",1.085823616
"2019-04-01",0.853309958
"2019-04-02",0.376778687
"2019-04-03",-0.592967907
"2019-04-04",-0.395407914
"2019-04-05",0.584168965
"2019-04-08",-0.528140518
"2019-04-09",0.579559027
"2019-04-10",-0.753782795
"2019-04-11",0.106987548
"2019-04-12",0.402321519
"2019-04-15",0.401987483
"2019-04-16",0.824630645
"2019-04-18",-0.291849473
"2019-04-22",-1.356494127
"2019-04-23",-0.159686528
"2019-04-24",1.289173695
"2019-04-25",-0.721937111
"2019-04-26",0.964688747
"2019-04-30",-0.055312558
"2019-05-02",-0.199382249
"2019-05-03",-0.106668952
"2019-05-06",-0.978107796
"2019-05-07",-0.868978069
"2019-05-08",-1.211443015
"2019-05-09",-0.508802604
"2019-05-10",-0.202822957
"2019-05-13",-1.16556908
"2019-05-14",0.660250803
"2019-05-15",-0.581347184
"2019-05-16",0.893190238
"2019-05-17",1.324138003
"2019-05-20",3.625035203
"2019-05-21",-1.012445415
"2019-05-22",0.245667213
"2019-05-23",-0.69118256
"2019-05-24",1.591868987
"2019-05-27",0.678625188
"2019-05-28",0.033538056
"2019-05-29",-0.568734768
"2019-05-30",0.71240509
"2019-05-31",-0.193563897
"2019-06-03",1.380619045
"2019-06-04",-0.554948405
"2019-06-06",-1.490892111
"2019-06-07",0.226869765
"2019-06-10",0.437516251
"2019-06-11",0.359167128
"2019-06-12",-0.497654447
"2019-06-13",0.06590703
"2019-06-14",-0.764621524
"2019-06-17",-1.286644844
"2019-06-18",0.165638618
"2019-06-19",-0.000425991
"2019-06-20",1.192877391
"2019-06-21",-0.914007704
"2019-06-24",-0.208755879
"2019-06-25",0.823969509
"2019-06-26",0.432242336
"2019-06-27",-0.050656211
"2019-06-28",-0.446038019
"2019-07-01",0.648928822
"2019-07-02",0.376013098
"2019-07-03",0.054141789
"2019-07-04",0.251430141
"2019-07-05",-1.141524121
"2019-07-08",-2.16143188
"2019-07-09",-0.023355199
"2019-07-10",-0.494475027
"2019-07-11",0.72784937
"2019-07-12",-0.262804253
"2019-07-15",0.309838564
"2019-07-16",0.638685773
"2019-07-17",0.213278748
"2019-07-18",-0.778203991
"2019-07-19",-1.543732689
"2019-07-22",-0.641762449
"2019-07-23",-0.13361755
"2019-07-24",-0.528707327
"2019-07-25",-0.170039834
"2019-07-26",0.285310558
"2019-07-29",-0.846331698
"2019-07-30",-0.932008237
"2019-07-31",0.293645408
"2019-08-01",-1.248998045
"2019-08-02",0.157886308
"2019-08-05",-1.232863859
"2019-08-06",0.785396557
"2019-08-07",-0.850776215
"2019-08-08",1.61690838
"2019-08-09",0.697318738
"2019-08-13",-1.668262976
"2019-08-14",0.94329647
"2019-08-16",0.166682534
"2019-08-19",0.055204677
"2019-08-20",-0.334380785
"2019-08-21",-0.896260086
"2019-08-22",-1.637619036
"2019-08-23",0.815926153
"2019-08-26",2.088054298
"2019-08-27",0.428639135
"2019-08-28",-0.534954988
"2019-08-29",-0.88932139
"2019-08-30",0.682250335
"2019-09-03",-2.065497162
"2019-09-04",0.432019989
"2019-09-05",0.029964203
"2019-09-06",0.902083304
"2019-09-09",0.518010743
"2019-09-11",0.296300058
"2019-09-12",-0.480509503
"2019-09-13",0.844121711
"2019-09-16",-0.6558208
"2019-09-17",-1.703900276
"2019-09-18",0.21285921
"2019-09-19",-1.261077258
"2019-09-20",5.1824726
"2019-09-23",2.850540942
"2019-09-24",-0.103500033
"2019-09-25",-1.285387046
"2019-09-26",1.138578383
"2019-09-27",-0.509451995
"2019-09-30",-0.330190773
"2019-10-01",-1.003319671
"2019-10-03",-0.40487479
"2019-10-04",-1.238412804
"2019-10-07",-0.433607095
"2019-10-09",1.665830955
"2019-10-10",-0.698517345
"2019-10-11",0.625567722
"2019-10-14",0.318822727
"2019-10-15",0.765497971
"2019-10-16",0.311897228
"2019-10-17",1.061595685
"2019-10-18",0.649514956
"2019-10-22",-0.632254753
"2019-10-23",0.135820088
"2019-10-24",-0.185451202
"2019-10-25",0.011229847
"2019-10-29",1.736823341
"2019-10-30",0.484535018
"2019-10-31",0.281184056
"2019-11-01",0.110647828
"2019-11-04",0.425482425
"2019-11-05",-0.20202123
"2019-11-06",0.409070604
"2019-11-07",0.383683921
"2019-11-08",-0.868722391
"2019-11-11",0.044495791
"2019-11-13",-0.614637837
"2019-11-14",0.266942468
"2019-11-15",0.196491381
"2019-11-18",-0.092096039
"2019-11-19",0.466742033
"2019-11-20",0.4929164
"2019-11-21",-0.256173865
"2019-11-22",-0.45220904
"2019-11-25",1.328588914
"2019-11-26",-0.299026655
"2019-11-27",0.521991035
"2019-11-28",0.416052935
"2019-11-29",-0.785725523
"2019-12-02",-0.065130503
"2019-12-03",-0.44920715
"2019-12-04",0.407698562
"2019-12-05",-0.206136025
"2019-12-06",-0.809534862
"2019-12-09",0.134121316
"2019-12-10",-0.678317962
"2019-12-11",0.448948436
"2019-12-12",0.516285735
"2019-12-13",0.955182278
"2019-12-16",-0.271326742
"2019-12-17",0.917055298
"2019-12-18",0.46460249
"2019-12-19",0.310847518
"2019-12-20",0.0986455
"2019-12-23",-0.073771927
"2019-12-24",-0.393836395
"2019-12-26",-0.723060049
"2019-12-27",0.978575751
"2019-12-30",0.082033704
"2019-12-31",-0.715678957
"2020-01-01",0.115394316
"2020-01-02",0.815057993
"2020-01-03",-0.453304814
"2020-01-06",-1.929072847
"2020-01-07",0.49821604
"2020-01-08",-0.229257034
"2020-01-09",1.572152476
"2020-01-10",0.334245521
"2020-01-13",0.591793523
"2020-01-14",0.265269874
"2020-01-15",-0.153811314
"2020-01-16",0.098791815
"2020-01-17",-0.025501132
"2020-01-20",-1.040008786
"2020-01-21",-0.448465946
"2020-01-22",-0.518597916
"2020-01-23",0.604839516
"2020-01-24",0.555910421
"2020-01-27",-1.060860066
"2020-01-28",-0.522861325
"2020-01-29",0.609464626
"2020-01-30",-0.775497641
"2020-01-31",-0.614223985
"2020-02-03",-2.147942475
"2020-02-04",2.294554852
"2020-02-05",0.909897892
"2020-02-06",0.402853577
"2020-02-07",-0.326787682
"2020-02-10",-0.554083689
"2020-02-11",0.632995389
"2020-02-12",0.767615918
"2020-02-13",-0.217837036
"2020-02-14",-0.503953157
"2020-02-17",-0.560038639
"2020-02-18",-0.443458085
"2020-02-19",1.106223869
"2020-02-20",-0.372217115
"2020-02-24",-2.103353072
"2020-02-25",-0.266640857
"2020-02-26",-1.017203815
"2020-02-27",-0.387788608
"2020-02-28",-3.780164232
"2020-03-02",-0.617880136
"2020-03-03",1.520348647
"2020-03-04",-0.463768761
"2020-03-05",0.159857938
"2020-03-06",-2.511985353
"2020-03-09",-5.019499599
"2020-03-11",0.066477716
"2020-03-12",-8.666894982
"2020-03-13",3.735847654
"2020-03-16",-7.917416945
"2020-03-17",-2.536415172
"2020-03-18",-5.716792712
"2020-03-19",-2.454659955
"2020-03-20",5.669138794
"2020-03-23",-13.90375646
"2020-03-24",2.476229214
"2020-03-25",6.414544603
"2020-03-26",3.81666544
"2020-03-27",0.217317511
"2020-03-30",-4.476782787
"2020-03-31",3.752477848
"2020-04-01",-4.082686442
"2020-04-03",-2.081164185
"2020-04-07",8.400295216
"2020-04-08",-0.495415399
"2020-04-09",4.067046139
"2020-04-13",-1.304032742
"2020-04-15",-0.765104833
"2020-04-16",0.753431678
"2020-04-17",3.000848935
"2020-04-20",-0.052895425
"2020-04-21",-3.074240959
"2020-04-22",2.266071338
"2020-04-23",1.368587558
"2020-04-24",-1.727326922
"2020-04-27",1.387465918
"2020-04-28",1.056640901
"2020-04-29",1.821608855
"2020-04-30",3.158422876
"2020-05-04",-5.916083513
"2020-05-05",-0.950327897
"2020-05-06",0.706855228
"2020-05-07",-0.778030776
"2020-05-08",0.568550392
"2020-05-11",-0.133037758
"2020-05-12",-0.462693047
"2020-05-13",2.012974294
"2020-05-14",-2.599691994
"2020-05-15",-0.064557112
"2020-05-18",-3.492536149
"2020-05-19",0.630987365
"2020-05-20",2.089163884
"2020-05-21",0.43691956
"2020-05-22",-0.73847846
"2020-05-26",-0.112907097
"2020-05-27",3.117352193
"2020-05-28",1.862845149
"2020-05-29",0.945977753
"2020-06-01",2.533835266
"2020-06-02",1.544562775
"2020-06-03",0.822834219
"2020-06-04",-0.323038075
"2020-06-05",1.120921757
"2020-06-08",0.249141461
"2020-06-09",-1.195217588
"2020-06-10",0.689391082
"2020-06-11",-2.139643837
"2020-06-12",0.713469653
"2020-06-15",-1.609206494
"2020-06-16",1.016851107
"2020-06-17",-0.331895832
"2020-06-18",2.107944667
"2020-06-19",1.5022865
"2020-06-22",0.64994491
"2020-06-23",1.537882926
"2020-06-24",-1.595122426
"2020-06-25",-0.159262485
"2020-06-26",0.910417113
"2020-06-29",-0.68227608
"2020-06-30",-0.099937249
"2020-07-01",1.234332411
"2020-07-02",1.159595875
"2020-07-03",0.526011734
"2020-07-06",1.46276326
"2020-07-07",0.333900953
"2020-07-08",-0.873278206
"2020-07-09",1.000976743
"2020-07-10",-0.420734959
"2020-07-13",0.321272282
"2020-07-14",-1.824900073
"2020-07-15",0.102240809
"2020-07-16",1.140092344
"2020-07-17",1.494830653
"2020-07-20",1.099268025
"2020-07-21",1.262611099
"2020-07-22",-0.265984374
"2020-07-23",0.741460362
"2020-07-24",-0.19009541
"2020-07-27",-0.558549558
"2020-07-28",1.504552008
"2020-07-29",-0.868320447
"2020-07-30",-0.902935691
"2020-07-31",-0.258844952
"2020-08-03",-1.655855485
"2020-08-04",1.852527473
"2020-08-05",0.05766923
"2020-08-06",0.883342484
"2020-08-07",0.124023304
"2020-08-10",0.499023331
"2020-08-11",0.463422415
"2020-08-12",-0.124604951
"2020-08-13",-0.070328172
"2020-08-14",-1.085918549
"2020-08-17",0.612690318
"2020-08-18",1.221712403
"2020-08-19",0.202255347
"2020-08-20",-0.846815381
"2020-08-21",0.52371781
"2020-08-24",0.830641251
"2020-08-25",0.050567859
"2020-08-26",0.67196947
"2020-08-27",0.083521173
"2020-08-28",0.761413442
"2020-08-31",-2.258385408
"2020-09-01",0.724046431
"2020-09-02",0.562916473
"2020-09-03",-0.065472705
"2020-09-04",-1.69373759
"2020-09-07",0.186877301
"2020-09-08",-0.332564978
"2020-09-09",-0.348298653
"2020-09-10",1.507030029
"2020-09-11",0.132673444
"2020-09-14",-0.213062061
"2020-09-15",0.712053661
"2020-09-16",0.715636964
"2020-09-17",-0.765122339
"2020-09-18",-0.096862785
"2020-09-21",-2.236039553
"2020-09-22",-0.865016536
"2020-09-23",-0.195649981
"2020-09-24",-2.975046087
"2020-09-25",2.239317919
"2020-09-28",1.591750978
"2020-09-29",-0.045874615
"2020-09-30",0.223849402
"2020-10-01",1.494880057
"2020-10-05",0.753915298
"2020-10-06",1.37317618
"2020-10-07",0.653379548
"2020-10-08",0.812359071
"2020-10-09",0.67035711
"2020-10-12",0.140489806
"2020-10-13",0.029748483
"2020-10-14",0.305785338
"2020-10-15",-2.458330944
"2020-10-16",0.700436145
"2020-10-19",0.935883875
"2020-10-20",0.199833051
"2020-10-21",0.342786392
"2020-10-22",-0.345725119
"2020-10-23",0.284548804
"2020-10-26",-1.372280172
"2020-10-27",1.028454069
"2020-10-28",-1.353175153
"2020-10-29",-0.502554913
"2020-10-30",-0.243633889
"2020-11-02",0.229500062
"2020-11-03",1.229430453
"2020-11-04",0.800948553
"2020-11-05",1.762928584
"2020-11-06",1.174971552
"2020-11-09",1.597633159
"2020-11-10",1.355423207
"2020-11-11",0.930263749
"2020-11-12",-0.458732724
"2020-11-13",0.229433633
"2020-11-17",1.205368143
"2020-11-18",0.496271649
"2020-11-19",-1.295623937
"2020-11-20",0.681602743
"2020-11-23",0.522778648
"2020-11-24",0.990710696
"2020-11-25",-1.518539721
"2020-11-26",0.995153248
"2020-11-27",-0.139080307
"2020-12-01",1.074476242
"2020-12-02",0.035848158
"2020-12-03",0.153540559
"2020-12-04",0.944590896
"2020-12-07",0.730439111
"2020-12-08",0.278145996
"2020-12-09",1.011442856
"2020-12-10",-0.376192197
"2020-12-11",0.263408628
"2020-12-14",0.327281477
"2020-12-15",0.071512344
"2020-12-16",0.842928064
"2020-12-17",0.422997044
"2020-12-18",0.144354259
"2020-12-21",-3.190866216
"2020-12-22",1.029312742
"2020-12-23",0.99603894
"2020-12-24",1.083363407
"2020-12-28",0.89746584
"2020-12-29",0.42724543
"2020-12-30",0.353583616
"2020-12-31",-0.001431823
"2021-01-01",0.262497807
"2021-01-04",0.812755449
"2021-01-05",0.470131236
"2021-01-06",-0.375718142
"2021-01-07",-0.062936762
"2021-01-08",1.473808253
"2021-01-11",0.953808563
"2021-01-12",0.541860682
"2021-01-13",0.009608622
"2021-01-14",0.210902179
"2021-01-15",-1.115432296
"2021-01-18",-1.06147882
"2021-01-19",1.665525876
"2021-01-20",0.847227434
"2021-01-21",-0.371818409
"2021-01-22",-1.508538607
"2021-01-25",-0.929725519
"2021-01-27",-1.924448089
"2021-01-28",-1.079369317
"2021-01-29",-1.332885823
"2021-02-01",4.633334972
"2021-02-02",2.534953968
"2021-02-03",0.965436891
"2021-02-04",0.712134098
"2021-02-05",0.191815652
"2021-02-08",1.275313471
"2021-02-09",-0.043010612
"2021-02-10",-0.018532057
"2021-02-11",0.441217666
"2021-02-12",-0.065926969
"2021-02-15",0.993514246
"2021-02-16",-0.008162426
"2021-02-17",-0.685073145
"2021-02-18",-0.593187168
"2021-02-19",-0.911614312
"2021-02-22",-2.063971564
"2021-02-23",0.218487397
"2021-02-24",1.84715285
"2021-02-25",0.766972533
"2021-02-26",-3.836220276
"2021-03-01",1.586881088
"2021-03-02",1.061643108
"2021-03-03",2.164866615
"2021-03-04",-1.087181512
"2021-03-05",-0.950412599
"2021-03-08",0.121097254
"2021-03-09",0.946286117
"2021-03-10",0.50473406
"2021-03-12",-0.952472274
"2021-03-15",-0.677230031
"2021-03-16",-0.127679887
"2021-03-17",-1.276691116
"2021-03-18",-1.116507115
"2021-03-19",1.270588017
"2021-03-22",-0.051557031
"2021-03-23",0.530265603
"2021-03-24",-1.807352359
"2021-03-25",-1.555047346
"2021-03-26",1.265264851
"2021-03-30",2.30178606
"2021-03-31",-1.045516435
"2021-04-01",1.195285334
"2021-04-05",-1.556029648
"2021-04-06",0.311720371
"2021-04-07",0.918908768
"2021-04-08",0.368776071
"2021-04-09",-0.262214664
"2021-04-12",-3.596463282
"2021-04-13",1.346513234
"2021-04-15",0.527057067
"2021-04-16",0.249317163
"2021-04-19",-1.783508231
"2021-04-20",-0.440049101
"2021-04-22",0.764744121
"2021-04-23",-0.450828009
"2021-04-26",0.996668546
"2021-04-27",1.153486037
"2021-04-28",1.433067881
"2021-04-29",0.203972831
"2021-04-30",-1.786952523
"2021-05-03",0.020849173
"2021-05-04",-0.945062422
"2021-05-05",0.833611698
"2021-05-06",0.728977588
"2021-05-07",0.66570404
"2021-05-10",0.80092628
"2021-05-11",-0.614906802
"2021-05-12",-1.044099883
"2021-05-14",-0.127323531
"2021-05-17",1.657758978
"2021-05-18",1.231727331
"2021-05-19",-0.517278824
"2021-05-20",-0.829105204
"2021-05-21",1.790193553
"2021-05-24",0.147502023
"2021-05-25",0.070709382
"2021-05-26",0.609640063
"2021-05-27",0.237599628
"2021-05-28",0.635619026
"2021-05-31",0.948793489
"2021-06-01",-0.051032062
"2021-06-02",0.008671207
"2021-06-03",0.730172801
"2021-06-04",-0.128183851
"2021-06-07",0.51811362
"2021-06-08",-0.07335751
"2021-06-09",-0.667722004
"2021-06-10",0.652793352
"2021-06-11",0.390649035
"2021-06-14",0.0790859
"2021-06-15",0.362364022
"2021-06-16",-0.64292562
"2021-06-17",-0.484120178
"2021-06-18",-0.051320131
"2021-06-21",0.40185032
"2021-06-22",0.166564916
"2021-06-23",-0.545459854
"2021-06-24",0.657617031
"2021-06-25",0.441692015
"2021-06-28",-0.288235984
"2021-06-29",-0.419793946
"2021-06-30",-0.171275784
"2021-07-01",-0.264318737
"2021-07-02",0.268772382
"2021-07-05",0.710786743
"2021-07-06",-0.101726942
"2021-07-07",0.387410312
"2021-07-08",-0.960220974
"2021-07-09",-0.242542289
"2021-07-12",0.017843153
"2021-07-13",0.760201681
"2021-07-14",0.262743738
"2021-07-15",0.442128403
"2021-07-16",-0.0050227
"2021-07-19",-1.079699057
"2021-07-20",-0.766629199
"2021-07-22",1.220445486
"2021-07-23",0.202019636
"2021-07-26",-0.199489401
"2021-07-27",-0.494126919
"2021-07-28",-0.235567127
"2021-07-29",0.43858132
"2021-07-30",-0.097651614
"2021-08-02",0.77161539
"2021-08-03",1.534265313
"2021-08-04",0.790690038
"2021-08-05",0.219945196
"2021-08-06",-0.346723743
"2021-08-09",0.123396907
"2021-08-10",0.134300682
"2021-08-11",0.013207835
"2021-08-12",0.503271013
"2021-08-13",1.001417272
"2021-08-16",0.205191765
"2021-08-17",0.310744546
"2021-08-18",-0.275740046
"2021-08-20",-0.716853103
"2021-08-23",0.2789287
"2021-08-24",0.773834372
"2021-08-25",0.060439015
"2021-08-26",0.013525068
"2021-08-27",0.409685799
"2021-08-30",1.342925901
"2021-08-31",1.18104277
"2021-09-01",-0.327107892
"2021-09-02",0.920429395
"2021-09-03",0.517680801
"2021-09-06",0.312386332
"2021-09-07",-0.090392734
"2021-09-08",-0.0495432
"2021-09-09",0.090718627
"2021-09-13",-0.080342116
"2021-09-14",0.142213957
"2021-09-15",0.799152789
"2021-09-16",0.626198753
"2021-09-17",-0.251881716
"2021-09-20",-1.076276622
"2021-09-21",0.944542506
"2021-09-22",-0.087440618
"2021-09-23",1.562383808
"2021-09-24",0.169581127
"2021-09-27",0.010643972
"2021-09-28",-0.598254226
"2021-09-29",-0.21037195
"2021-09-30",-0.527325522
"2021-10-01",-0.48989638
"2021-10-04",0.903948802
"2021-10-05",0.738035895
"2021-10-06",-0.994139721
"2021-10-07",0.81470247
"2021-10-08",0.58763233
"2021-10-11",0.28319424
"2021-10-12",0.255997302
"2021-10-13",0.939334195
"2021-10-14",0.968770998
"2021-10-18",0.752401957
"2021-10-19",-0.316029621
"2021-10-20",-0.829493324
"2021-10-21",-0.485668291
"2021-10-22",-0.348272574
"2021-10-25",0.057946541
"2021-10-26",0.785852166
"2021-10-27",-0.314979406
"2021-10-28",-1.961343039
"2021-10-29",-1.044790554
"2021-11-01",1.449410617
"2021-11-02",-0.227262874
"2021-11-03",-0.334564127
"2021-11-04",0.490134493
"2021-11-08",0.843403735
"2021-11-09",-0.134582665
"2021-11-10",-0.150026063
"2021-11-11",-0.800207186
"2021-11-12",1.273911845
"2021-11-15",0.03699979
"2021-11-16",-0.610658927
"2021-11-17",-0.560195623
"2021-11-18",-0.750629754
"2021-11-22",-1.979806685
"2021-11-23",0.497132042
"2021-11-24",-0.50574491
"2021-11-25",0.693534729
"2021-11-26",-2.950219566
"2021-11-29",0.161383125
"2021-11-30",-0.415722851
"2021-12-01",1.075855976
"2021-12-02",1.358191786
"2021-12-03",-1.184759224
"2021-12-06",-1.667924809
"2021-12-07",1.551555738
"2021-12-08",1.691704499
"2021-12-09",0.269243873
"2021-12-10",-0.031682108
"2021-12-13",-0.820260468
"2021-12-14",-0.249903116
"2021-12-15",-0.599197641
"2021-12-16",0.156658901
"2021-12-17",-1.537707756
"2021-12-20",-2.208462628
"2021-12-21",0.938453265
"2021-12-22",1.094703299
"2021-12-23",0.688554634
"2021-12-24",-0.404090836
"2021-12-27",0.484013852
"2021-12-28",0.856661076
"2021-12-29",-0.114091088
"2021-12-30",-0.056078316
"2021-12-31",0.868699036
"2022-01-03",1.553206633
"2022-01-04",1.013533773
"2022-01-05",0.671697576
"2022-01-06",-1.005580805
"2022-01-07",0.375711684
"2022-01-10",1.064347564
"2022-01-11",0.290907579
"2022-01-12",0.863572033
"2022-01-13",0.249251483
"2022-01-14",-0.011232987
"2022-01-17",0.286346464
"2022-01-18",-1.071084745
"2022-01-19",-0.968902783
"2022-01-20",-1.016388388
"2022-01-21",-0.790692279
"2022-01-24",-2.692721026
"2022-01-25",0.748540554
"2022-01-27",-0.975919936
"2022-01-28",-0.047943109
"2022-01-31",1.381485186
"2022-02-01",1.357537482
"2022-02-02",1.149155699
"2022-02-03",-1.243929691
"2022-02-04",-0.250301258
"2022-02-07",-1.743217423
"2022-02-08",0.308294048
"2022-02-09",1.134752495
"2022-02-10",0.810099921
"2022-02-11",-1.321320813
"2022-02-14",-3.10946907
"2022-02-15",2.981034961
"2022-02-16",-0.174479102
"2022-02-17",-0.101653121
"2022-02-18",-0.163667424
"2022-02-21",-0.403970559
"2022-02-22",-0.667378632
"2022-02-23",-0.169514536
"2022-02-24",-4.896026903
"2022-02-25",2.494785817
"2022-02-28",0.810113134
"2022-03-02",-1.125473067
"2022-03-03",-0.651877837
"2022-03-04",-1.543554952
"2022-03-07",-2.380785596
"2022-03-08",0.943017234
"2022-03-09",2.051442302
"2022-03-10",1.515201346
"2022-03-11",0.213986261
"2022-03-14",1.437869437
"2022-03-15",-1.242330721
"2022-03-16",1.857157622
"2022-03-17",1.81954427
"2022-03-21",-0.985056033
"2022-03-22",1.149490298
"2022-03-23",-0.404209372
"2022-03-24",-0.132877614
"2022-03-25",-0.405809885
"2022-03-28",0.401455085
"2022-03-29",0.598026976
"2022-03-30",0.993296989
"2022-03-31",-0.191631212
"2022-04-01",1.170914487
"2022-04-04",2.144034564
"2022-04-05",-0.533174633
"2022-04-06",-0.837414581
"2022-04-07",-0.948457785
"2022-04-08",0.817525078
"2022-04-11",-0.617049639
"2022-04-12",-0.821748185
"2022-04-13",-0.31223511
"2022-04-18",-1.743225063
"2022-04-19",-1.259820397
"2022-04-20",1.043560378
"2022-04-21",1.483115099
"2022-04-22",-1.27676128
"2022-04-25",-1.27763942
"2022-04-26",1.445514084
"2022-04-27",-0.948629658
"2022-04-28",1.205554787
"2022-04-29",-0.82975702
"2022-05-02",-0.195783242
"2022-05-04",-2.320331019
"2022-05-05",0.030280236
"2022-05-06",-1.640220536
"2022-05-09",-0.668850092
"2022-05-10",-0.379817282
"2022-05-11",-0.450211264
"2022-05-12",-2.246214787
"2022-05-13",-0.16365617
"2022-05-16",0.380398623
"2022-05-17",2.598147521
"2022-05-18",-0.116924531
"2022-05-19",-2.68910709
"2022-05-20",2.848156086
"2022-05-23",-0.316803516
"2022-05-24",-0.553806106
"2022-05-25",-0.618027782
"2022-05-26",0.896706277
"2022-05-27",1.121077102
"2022-05-30",1.871694511
"2022-05-31",-0.462310408
"2022-06-01",-0.373336706
"2022-06-02",0.634980226
"2022-06-03",-0.263150959
"2022-06-06",-0.08897911
"2022-06-07",-0.928895508
"2022-06-08",-0.366767833
"2022-06-09",0.742211557
"2022-06-10",-1.690986774
"2022-06-13",-2.673393752
"2022-06-14",-0.268521141
"2022-06-15",-0.254257398
"2022-06-16",-2.135484818
"2022-06-17",-0.43778625
"2022-06-20",0.369736989
"2022-06-21",1.862972192
"2022-06-22",-1.452423295
"2022-06-23",0.925746466
"2022-06-24",0.912471546
"2022-06-27",0.842341361
"2022-06-28",0.114577674
"2022-06-29",-0.32291792
"2022-06-30",-0.119379353
"2022-07-01",-0.1788655
"2022-07-04",0.527425488
"2022-07-05",-0.15483695
"2022-07-06",1.125461822
"2022-07-07",0.890968267
"2022-07-08",0.542132589
"2022-07-11",-0.028360614
"2022-07-12",-0.977257145
"2022-07-13",-0.572364133
"2022-07-14",-0.175519469
"2022-07-15",0.691201458
"2022-07-18",1.418620247
"2022-07-19",0.380451791
"2022-07-20",1.097345927
"2022-07-21",0.509571451
"2022-07-22",0.685375523
"2022-07-25",-0.530424196
"2022-07-26",-0.888733368
"2022-07-27",0.953655956
"2022-07-28",1.714589653
"2022-07-29",1.341556141
"2022-08-01",1.05397924
"2022-08-02",0.031127921
"2022-08-03",0.245878307
"2022-08-04",-0.035377418
"2022-08-05",0.089132972
"2022-08-08",0.730759901
"2022-08-10",0.055050954
"2022-08-11",0.706094214
"2022-08-12",0.221456798
"2022-08-16",0.715585503
"2022-08-17",0.665373791
"2022-08-18",0.068243702
"2022-08-19",-1.109075139
"2022-08-22",-1.519214855
"2022-08-23",0.495040866
"2022-08-24",0.156039303
"2022-08-25",-0.46971968
"2022-08-26",0.207809479
"2022-08-29",-1.410905519
"2022-08-30",2.545745543
"2022-09-01",-1.226571251
"2022-09-02",-0.019106885
"2022-09-05",0.717802629
"2022-09-06",-0.057761992
"2022-09-07",-0.176866366
"2022-09-08",0.984390238
"2022-09-09",0.19420478
"2022-09-12",0.575908028
"2022-09-13",0.742655666
"2022-09-14",-0.367584532
"2022-09-15",-0.704270238
"2022-09-16",-1.957520337
"2022-09-19",0.520014437
"2022-09-20",1.094865403
"2022-09-21",-0.551015852
"2022-09-22",-0.501010731
"2022-09-23",-1.730454089
"2022-09-26",-1.811440135
"2022-09-27",-0.052318769
"2022-09-28",-0.878767725
"2022-09-29",-0.240522501
"2022-09-30",1.629231253
"2022-10-03",-1.21831789
"2022-10-04",2.265509527
"2022-10-06",0.332311646
"2022-10-07",-0.099002302
"2022-10-10",-0.426271833
"2022-10-11",-1.504499367
"2022-10-12",0.821233164
"2022-10-13",-0.640052349
"2022-10-14",1.002051453
"2022-10-17",0.731079783
"2022-10-18",1.006644874
"2022-10-19",0.144579226
"2022-10-20",0.294782544
"2022-10-21",0.070298663
"2022-10-24",0.874897226
"2022-10-25",-0.420495045
"2022-10-27",0.455452028
"2022-10-28",0.280666288
"2022-10-31",1.259260963
"2022-11-01",0.736784388
"2022-11-02",-0.345315291
"2022-11-03",-0.166873888
"2022-11-04",0.356381023
"2022-11-07",0.471644629
"2022-11-09",-0.251931003
"2022-11-10",-0.7119006
"2022-11-11",1.767602773
"2022-11-14",-0.1120473
"2022-11-15",0.404274136
"2022-11-16",0.03395535
"2022-11-17",-0.357788941
"2022-11-18",-0.197808884
"2022-11-21",-0.810044977
"2022-11-22",0.462860163
"2022-11-23",0.126266061
"2022-11-24",1.180104286
"2022-11-25",0.154880195
"2022-11-28",0.269720059
"2022-11-29",0.297469774
"2022-11-30",0.750738357
"2022-12-01",0.288257671
"2022-12-02",-0.620661744
"2022-12-05",0.026478873
"2022-12-06",-0.312238323
"2022-12-07",-0.442166391
"2022-12-08",0.262845494
"2022-12-09",-0.60772113
"2022-12-12",0.002977699
"2022-12-13",0.59749085
"2022-12-14",0.280671855
"2022-12-15",-1.323817359
"2022-12-16",-0.795450638
"2022-12-19",0.825578373
"2022-12-20",-0.190994332
"2022-12-21",-1.017935392
"2022-12-22",-0.395029489
"2022-12-23",-1.784137527
"2022-12-26",1.160206786
"2022-12-27",0.651240281
"2022-12-28",-0.054066117
"2022-12-29",0.377270609
"2022-12-30",-0.472221004
"2023-01-02",0.507667521
"2023-01-03",0.192706963
"2023-01-04",-1.045351761
"2023-01-05",-0.281941009
"2023-01-06",-0.740283721
"2023-01-09",1.34454551
"2023-01-10",-1.038726609
"2023-01-11",-0.103050829
"2023-01-12",-0.209767412
"2023-01-13",0.549497087
"2023-01-16",-0.34447735
"2023-01-17",0.88155967
"2023-01-18",0.618737498
"2023-01-19",-0.317038747
"2023-01-20",-0.443881227
"2023-01-23",0.502960639
"2023-01-24",-0.001379811
"2023-01-25",-1.257167299
"2023-01-27",-1.620483895
"2023-01-30",0.253023885
"2023-01-31",0.074770668
"2023-02-01",-0.259929978
"2023-02-02",-0.033499536
"2023-02-03",1.374075821
"2023-02-06",-0.502272596
"2023-02-07",-0.242909934
"2023-02-08",0.843982073
"2023-02-09",0.121626799
"2023-02-10",-0.206709283
"2023-02-13",-0.480527758
"2023-02-14",0.890458991
"2023-02-15",0.478500438
"2023-02-16",0.110951786
"2023-02-17",-0.509452276
"2023-02-20",-0.556597985
"2023-02-21",-0.100362996
"2023-02-22",-1.539831095
"2023-02-23",-0.245544712
"2023-02-24",-0.259880369
"2023-02-27",-0.41941948
"2023-02-28",-0.511577905
"2023-03-01",0.845649164
"2023-03-02",-0.74196262
"2023-03-03",1.560618614
"2023-03-06",0.66334734
"2023-03-08",0.242211555
"2023-03-09",-0.932559844
"2023-03-10",-1.009646281
"2023-03-13",-1.496241669
"2023-03-14",-0.649170613
"2023-03-15",-0.418342206
"2023-03-16",0.079211488
"2023-03-17",0.671552989
"2023-03-20",-0.655065197
"2023-03-21",0.698618264
"2023-03-22",0.259201358
"2023-03-23",-0.438228149
"2023-03-24",-0.775089405
"2023-03-27",0.239596572
"2023-03-28",-0.200368991
"2023-03-29",0.758104769
"2023-03-31",1.620518282
"2023-04-03",0.220386767
"2023-04-05",0.909744727
"2023-04-06",0.239500447
"2023-04-10",0.141386325
"2023-04-11",0.555928681
"2023-04-12",0.507108823
"2023-04-13",0.087538918
"2023-04-17",-0.681870678
"2023-04-18",-0.264083727
"2023-04-19",-0.234703515
"2023-04-20",0.032342233
"2023-04-21",-0.002260734
"2023-04-24",0.674914694
"2023-04-25",0.145579751
"2023-04-26",0.249275327
"2023-04-27",0.567899674
"2023-04-28",0.833517928
"2023-05-02",0.456473267
"2023-05-03",-0.319011136
"2023-05-04",0.913189465
"2023-05-05",-1.028511782
"2023-05-08",1.075606865
"2023-05-09",0.008479679
"2023-05-10",0.268720672
"2023-05-11",-0.098872291
"2023-05-12",0.097240683
"2023-05-15",0.457862261
"2023-05-16",-0.612505874
"2023-05-17",-0.574473895
"2023-05-18",-0.285311993
"2023-05-19",0.404318747
"2023-05-22",0.607924571
"2023-05-23",0.183291974
"2023-05-24",-0.341762816
"2023-05-25",0.195320294
"2023-05-26",0.967942369
"2023-05-29",0.535344323
"2023-05-30",0.189077979
"2023-05-31",-0.535131227
"2023-06-01",-0.252013537
"2023-06-02",0.250390697
"2023-06-05",0.321860231
"2023-06-06",0.027695596
"2023-06-07",0.682649799
"2023-06-08",-0.491688737
"2023-06-09",-0.382550518
"2023-06-12",0.205030135
"2023-06-13",0.614458575
"2023-06-14",0.212158204
"2023-06-15",-0.362145366
"2023-06-16",0.735195637
"2023-06-19",-0.375455793
"2023-06-20",0.326039669
"2023-06-21",0.213149051
"2023-06-22",-0.454977838
"2023-06-23",-0.56495439
"2023-06-26",0.137588295
"2023-06-27",0.67292114
"2023-06-28",0.818746387
"2023-06-30",1.137038622
"2023-07-03",0.693300353
"2023-07-04",0.343304686
"2023-07-05",0.048984854
"2023-07-06",0.508029102
"2023-07-07",-0.852458571
"2023-07-10",0.124585394
"2023-07-11",0.430465171
"2023-07-12",-0.283845407
"2023-07-13",0.151807752
"2023-07-14",0.773512159
"2023-07-17",0.748294605
"2023-07-18",0.19158704
"2023-07-19",0.42392839
"2023-07-20",0.733444949
"2023-07-21",-1.178895459
"2023-07-24",-0.368621805
"2023-07-25",0.041928243
"2023-07-26",0.495205749
"2023-07-27",-0.60043685
"2023-07-28",-0.070470804
"2023-07-31",0.546957739
"2023-08-01",-0.102564497
"2023-08-02",-1.054515449
"2023-08-03",-0.744835568
"2023-08-04",0.695911834
"2023-08-07",0.410596086
"2023-08-08",-0.135064718
"2023-08-09",0.314774852
"2023-08-10",-0.456667989
"2023-08-11",-0.589145676
"2023-08-14",0.032164392
"2023-08-16",0.156553093
"2023-08-17",-0.513775829
"2023-08-18",-0.284933814
"2023-08-21",0.431220996
"2023-08-22",0.014692476
"2023-08-23",0.244851983
"2023-08-24",-0.295131553
"2023-08-25",-0.62556798
"2023-08-28",0.208701491
"2023-08-29",0.189396379
"2023-08-30",0.024806492
"2023-08-31",-0.485210304
"2023-09-01",0.938255603
"2023-09-04",0.479929862
"2023-09-05",0.235781419
"2023-09-06",0.184506946
"2023-09-07",0.589760724
"2023-09-08",0.469813682
"2023-09-11",0.886077059
"2023-09-12",-0.01575607
"2023-09-13",0.383398614
"2023-09-14",0.164784979
"2023-09-15",0.442978786
"2023-09-18",-0.292860101
"2023-09-20",-1.15850988
"2023-09-21",-0.802404589
"2023-09-22",-0.345538062
"2023-09-25",0.001528795
"2023-09-26",-0.050085158
"2023-09-27",0.262816255
"2023-09-28",-0.983180384
"2023-09-29",0.58603117
"2023-10-03",-0.559404217
"2023-10-04",-0.475559722
"2023-10-05",0.562572997
"2023-10-06",0.549756801
"2023-10-09",-0.720786109
"2023-10-10",0.905567629
"2023-10-11",0.615173137
"2023-10-12",-0.08761246
"2023-10-13",-0.217216743
"2023-10-16",-0.097768053
"2023-10-17",0.403356366
"2023-10-18",-0.711204347
"2023-10-19",-0.236159659
"2023-10-20",-0.418966047
"2023-10-23",-1.344022395
"2023-10-25",-0.831168327
"2023-10-26",-1.39499141
"2023-10-27",1.002527886
"2023-10-30",0.490469307
"2023-10-31",-0.32077463
"2023-11-01",-0.475189697
"2023-11-02",0.755987525
"2023-11-03",0.50750808
"2023-11-06",0.937581278
"2023-11-07",-0.026022581
"2023-11-08",0.189449697
"2023-11-09",-0.248201502
"2023-11-10",0.154808504
"2023-11-13",0.093654171
"2023-11-15",1.185619029
"2023-11-16",0.455115007
"2023-11-17",-0.169118897
"2023-11-20",-0.191756627
"2023-11-21",0.452920114
"2023-11-22",0.143700184
"2023-11-23",-0.049728111
"2023-11-24",-0.036875707
"2023-11-28",0.478778488
"2023-11-29",1.034865657
"2023-11-30",0.181710258
"2023-12-01",0.667064332
"2023-12-04",2.045748048
"2023-12-05",0.810265045
"2023-12-06",0.395282055
"2023-12-07",-0.17471244
"2023-12-08",0.326005076
"2023-12-11",0.132006352
"2023-12-12",-0.432896347
"2023-12-13",0.095376088
"2023-12-14",1.217566216
"2023-12-15",1.284986492
"2023-12-18",-0.177258278
"2023-12-19",0.160708281
"2023-12-20",-1.422212273
"2023-12-21",0.494753482
"2023-12-22",0.442910358
"2023-12-26",0.429762789
"2023-12-27",0.99035475
"2023-12-28",0.570756214
"2023-12-29",-0.217415484
"2024-01-01",0.048305512
"2024-01-02",-0.350627586
"2024-01-03",-0.687544819
"2024-01-04",0.654301788
"2024-01-05",0.24072824
"2024-01-08",-0.915246501
"2024-01-09",0.147938717
"2024-01-10",0.342185402
"2024-01-11",0.131743498
"2024-01-12",1.136170335
"2024-01-15",0.922439881
"2024-01-16",-0.295258799
"2024-01-17",-2.111577047
"2024-01-18",-0.50982455
"2024-01-19",0.743425451
"2024-01-23",-1.790009805
"2024-01-24",1.00790068
"2024-01-25",-0.473524736
"2024-01-29",1.786996822
"2024-01-30",-0.996316602
"2024-01-31",0.941555959
"2024-02-01",-0.13011495
"2024-02-02",0.71801491
"2024-02-05",-0.376392979
"2024-02-06",0.721729466
"2024-02-07",0.00501419
"2024-02-08",-0.973929041
"2024-02-09",0.296782354
"2024-02-12",-0.767076466
"2024-02-13",0.586723408
"2024-02-14",0.444211148
"2024-02-15",0.323190794
"2024-02-16",0.59133248
"2024-02-19",0.369318061
"2024-02-20",0.337096747
"2024-02-21",-0.641322082
"2024-02-22",0.733634495
"2024-02-23",-0.021381878
"2024-02-26",-0.408927822
"2024-02-27",0.344306021
"2024-02-28",-1.119839645
"2024-02-29",0.144081719
"2024-03-01",1.606247369
"2024-03-04",0.298807155
"2024-03-05",-0.22027147
"2024-03-06",0.525314956
"2024-03-07",0.086729114
"2024-03-11",-0.717888545
"2024-03-12",0.013650955
"2024-03-13",-1.524839336
"2024-03-14",0.674839423
"2024-03-15",-0.558302475
"2024-03-18",0.146780006
"2024-03-19",-1.086096396
"2024-03-20",0.099185084
"2024-03-21",0.788352886
"2024-03-22",0.384508667
"2024-03-26",-0.417450748
"2024-03-27",0.539115834
"2024-03-28",0.914505728
"2024-04-01",0.603274552
"2024-04-02",-0.038736104
"2024-04-03",-0.08309754
"2024-04-04",0.35595697
"2024-04-05",-0.004224769
"2024-04-08",0.675529627
"2024-04-09",-0.103956198
"2024-04-10",0.489248636
"2024-04-12",-1.035502147
"2024-04-15",-1.102444367
"2024-04-16",-0.561003211
"2024-04-18",-0.688892007
"2024-04-19",0.68482657
"2024-04-22",0.851560508
"2024-04-23",0.141371383
"2024-04-24",0.153674736
"2024-04-25",0.74689673
"2024-04-26",-0.668592807
"2024-04-29",0.991728335
"2024-04-30",-0.170396825
"2024-05-02",0.191587633
"2024-05-03",-0.763896201
"2024-05-06",-0.14760226
"2024-05-07",-0.626657966
"2024-05-08",0
"2024-05-09",-1.5590013
"2024-05-10",0.443959952
"2024-05-13",0.221251866
"2024-05-14",0.513511728
"2024-05-15",-0.077890374
"2024-05-16",0.911570312
"2024-05-17",0.277468734
"2024-05-21",0.279813324
"2024-05-22",0.304696875
"2024-05-23",1.623413014
"2024-05-24",-0.045948128
"2024-05-27",-0.107433582
"2024-05-28",-0.193357757
"2024-05-29",-0.804740934
"2024-05-30",-0.956116224
"2024-05-31",0.186803411
"2024-06-03",3.202403067
"2024-06-04",-6.112419596
"2024-06-05",3.307130265
"2024-06-06",0.884878303
"2024-06-07",2.033183182
"2024-06-10",-0.132982208
"2024-06-11",0.024290193
"2024-06-12",0.249419981
"2024-06-13",0.325120856
"2024-06-14",0.284647286
"2024-06-18",0.3925735
"2024-06-19",-0.178019673
"2024-06-20",0.216638787
"2024-06-21",-0.280021646
"2024-06-24",0.156253522
"2024-06-25",0.776366447
"2024-06-26",0.619878788
"2024-06-27",0.733408066
"2024-06-28",-0.141089693
"2024-07-01",0.54555756
"2024-07-02",-0.074999733
"2024-07-03",0.671967891
"2024-07-04",0.064419946
"2024-07-05",0.089249456
"2024-07-08",-0.013563033
"2024-07-09",0.462112711
"2024-07-10",-0.446084599
"2024-07-11",-0.034950372
"2024-07-12",0.762840325
"2024-07-15",0.344472981
"2024-07-16",0.106914409
"2024-07-18",0.760315239
"2024-07-19",-1.094434774
"2024-07-22",-0.088296597
"2024-07-23",-0.12329157
"2024-07-24",-0.268142363
"2024-07-25",-0.030317294
"2024-07-26",1.74148079
"2024-07-29",0.005033123
"2024-07-30",0.085327923
"2024-07-31",0.376842557
"2024-08-01",0.239181649
"2024-08-02",-1.179219088
"2024-08-05",-2.715175314
"2024-08-06",-0.262440339
"2024-08-07",1.263006634
"2024-08-08",-0.745647838
"2024-08-09",1.033329122
"2024-08-12",-0.084163858
"2024-08-13",-0.857984886
"2024-08-14",0.019675764
"2024-08-16",1.632576894
"2024-08-19",0.128273535
"2024-08-20",0.512261631
"2024-08-21",0.288461818
"2024-08-22",0.166596916
"2024-08-23",0.046944587
"2024-08-26",0.752301815
"2024-08-27",0.028585355
"2024-08-28",0.138204698
"2024-08-29",0.396777736
"2024-08-30",0.333220212
"2024-09-02",0.169451361
"2024-09-03",0.004550726
"2024-09-04",-0.321524538
"2024-09-05",-0.212934387
"2024-09-06",-1.171874738
"2024-09-09",0.338431543
"2024-09-10",0.418986031
"2024-09-11",-0.490999778
"2024-09-12",1.870362442
"2024-09-13",-0.127697859
"2024-09-16",0.107409808
"2024-09-17",0.137004766
"2024-09-18",-0.161429746
"2024-09-19",0.150610291
"2024-09-20",1.465256629
"2024-09-23",0.572596045
"2024-09-24",0.005202867
"2024-09-25",0.245454166
"2024-09-26",0.811569274
"2024-09-27",-0.141622554
"2024-09-30",-1.416069186
"2024-10-01",-0.054058621
"2024-10-03",-2.142424417
"2024-10-04",-0.937046185
"2024-10-07",-0.878737127
"2024-10-08",0.872943468
"2024-10-09",-0.124816937
"2024-10-10",0.066025887
"2024-10-11",-0.136899025
"2024-10-14",0.653593989
"2024-10-15",-0.281355925
"2024-10-16",-0.343998538
"2024-10-17",-0.890778409
"2024-10-18",0.420133596
"2024-10-21",-0.293949847
"2024-10-22",-1.254757291
"2024-10-23",-0.149668422
"2024-10-24",-0.147843512
"2024-10-25",-0.89995957
"2024-10-28",0.652721892
"2024-10-29",0.523294309
"2024-10-30",-0.516313131
"2024-10-31",-0.558232587
"2024-11-01",0.408166363
"2024-11-04",-1.27952853
"2024-11-05",0.904205594
"2024-11-06",1.111981581
"2024-11-07",-1.169615989
"2024-11-08",-0.211594635
"2024-11-11",-0.02857117
"2024-11-12",-1.073838137
"2024-11-13",-1.367564919
"2024-11-14",-0.111915846
"2024-11-18",-0.335834811
"2024-11-19",0.27547835
"2024-11-21",-0.719462731
"2024-11-22",2.358904204
"2024-11-25",1.307543852
"2024-11-26",-0.113186413
"2024-11-27",0.331757619
"2024-11-28",-1.497256051
"2024-11-29",0.903109853
"2024-12-02",0.598885098
"2024-12-03",0.743232288
"2024-12-04",0.042100818
"2024-12-05",0.979965174
"2024-12-06",-0.123919688
"2024-12-09",-0.238558317
"2024-12-10",-0.036357471
"2024-12-11",0.128929181
"2024-12-12",-0.378535179
"2024-12-13",0.890577342
"2024-12-16",-0.404764961
"2024-12-17",-1.356025615
"2024-12-18",-0.565164029
"2024-12-19",-1.02658253
"2024-12-20",-1.532235924
"2024-12-23",0.70108395
"2024-12-24",-0.108669895
"2024-12-26",0.094986736
"2024-12-27",0.265754525
"2024-12-30",-0.710100047
