"","Nifty50"
"2010-01-04",5232.200195
"2010-01-05",5277.899902
"2010-01-06",5281.799805
"2010-01-07",5263.100098
"2010-01-08",5244.75
"2010-01-11",5249.399902
"2010-01-12",5210.399902
"2010-01-13",5233.950195
"2010-01-14",5259.899902
"2010-01-15",5252.200195
"2010-01-18",5274.850098
"2010-01-19",5225.649902
"2010-01-20",5221.700195
"2010-01-21",5094.149902
"2010-01-22",5036
"2010-01-25",5007.899902
"2010-01-27",4853.100098
"2010-01-28",4867.25
"2010-01-29",4882.049805
"2010-02-01",4899.700195
"2010-02-02",4830.100098
"2010-02-03",4931.850098
"2010-02-04",4845.350098
"2010-02-05",4718.649902
"2010-02-08",4760.399902
"2010-02-09",4792.649902
"2010-02-10",4757.200195
"2010-02-11",4826.850098
"2010-02-15",4801.950195
"2010-02-16",4855.75
"2010-02-17",4914
"2010-02-18",4887.75
"2010-02-19",4844.899902
"2010-02-22",4856.399902
"2010-02-23",4870.049805
"2010-02-24",4858.600098
"2010-02-25",4859.75
"2010-02-26",4922.299805
"2010-03-02",5017
"2010-03-03",5088.100098
"2010-03-04",5080.25
"2010-03-05",5088.700195
"2010-03-08",5124
"2010-03-09",5101.5
"2010-03-10",5116.25
"2010-03-11",5133.399902
"2010-03-12",5137
"2010-03-15",5128.899902
"2010-03-16",5198.100098
"2010-03-17",5231.899902
"2010-03-18",5245.899902
"2010-03-19",5262.799805
"2010-03-22",5205.200195
"2010-03-23",5225.299805
"2010-03-25",5260.399902
"2010-03-26",5282
"2010-03-29",5302.850098
"2010-03-30",5262.450195
"2010-03-31",5249.100098
"2010-04-01",5290.5
"2010-04-05",5368.399902
"2010-04-06",5366
"2010-04-07",5374.649902
"2010-04-08",5304.450195
"2010-04-09",5361.75
"2010-04-12",5339.700195
"2010-04-13",5322.950195
"2010-04-15",5273.600098
"2010-04-16",5262.600098
"2010-04-19",5203.649902
"2010-04-20",5230.100098
"2010-04-21",5244.899902
"2010-04-22",5269.350098
"2010-04-23",5304.100098
"2010-04-26",5322.450195
"2010-04-27",5308.350098
"2010-04-28",5215.450195
"2010-04-29",5254.149902
"2010-04-30",5278
"2010-05-03",5222.75
"2010-05-04",5148.5
"2010-05-05",5124.899902
"2010-05-06",5090.850098
"2010-05-07",5018.049805
"2010-05-10",5193.600098
"2010-05-11",5136.149902
"2010-05-12",5156.649902
"2010-05-13",5178.899902
"2010-05-14",5093.5
"2010-05-17",5059.899902
"2010-05-18",5066.200195
"2010-05-19",4919.649902
"2010-05-20",4947.600098
"2010-05-21",4931.149902
"2010-05-24",4943.950195
"2010-05-25",4806.75
"2010-05-26",4917.399902
"2010-05-27",5003.100098
"2010-05-28",5066.549805
"2010-05-31",5086.299805
"2010-06-01",4970.200195
"2010-06-02",5019.850098
"2010-06-03",5110.5
"2010-06-04",5135.5
"2010-06-07",5034
"2010-06-08",4987.100098
"2010-06-09",5000.299805
"2010-06-10",5078.600098
"2010-06-11",5119.350098
"2010-06-14",5197.700195
"2010-06-15",5222.350098
"2010-06-16",5233.350098
"2010-06-17",5274.850098
"2010-06-18",5262.600098
"2010-06-21",5353.299805
"2010-06-22",5316.549805
"2010-06-23",5323.149902
"2010-06-24",5320.600098
"2010-06-25",5269.049805
"2010-06-28",5333.5
"2010-06-29",5256.149902
"2010-06-30",5312.5
"2010-07-01",5251.399902
"2010-07-02",5237.100098
"2010-07-05",5235.899902
"2010-07-06",5289.049805
"2010-07-07",5241.100098
"2010-07-08",5296.850098
"2010-07-09",5352.450195
"2010-07-12",5383
"2010-07-13",5400.649902
"2010-07-14",5386.149902
"2010-07-15",5378.75
"2010-07-16",5393.899902
"2010-07-19",5386.450195
"2010-07-20",5368
"2010-07-21",5399.350098
"2010-07-22",5441.950195
"2010-07-23",5449.100098
"2010-07-26",5418.600098
"2010-07-27",5430.600098
"2010-07-28",5397.549805
"2010-07-29",5408.899902
"2010-07-30",5367.600098
"2010-08-02",5431.649902
"2010-08-03",5439.549805
"2010-08-04",5467.850098
"2010-08-05",5447.100098
"2010-08-06",5439.25
"2010-08-09",5486.149902
"2010-08-10",5460.700195
"2010-08-11",5420.600098
"2010-08-12",5416.450195
"2010-08-13",5452.100098
"2010-08-16",5418.299805
"2010-08-17",5414.149902
"2010-08-18",5479.149902
"2010-08-19",5540.200195
"2010-08-20",5530.649902
"2010-08-23",5543.5
"2010-08-24",5505.100098
"2010-08-25",5462.350098
"2010-08-26",5477.899902
"2010-08-27",5408.700195
"2010-08-30",5415.450195
"2010-08-31",5402.399902
"2010-09-01",5471.850098
"2010-09-02",5486.149902
"2010-09-03",5479.399902
"2010-09-06",5576.950195
"2010-09-07",5604
"2010-09-08",5607.850098
"2010-09-09",5640.049805
"2010-09-13",5760
"2010-09-14",5795.549805
"2010-09-15",5860.950195
"2010-09-16",5828.700195
"2010-09-17",5884.950195
"2010-09-20",5980.450195
"2010-09-21",6009.049805
"2010-09-22",5991
"2010-09-23",5959.549805
"2010-09-24",6018.299805
"2010-09-27",6035.649902
"2010-09-28",6029.5
"2010-09-29",5991.299805
"2010-09-30",6029.950195
"2010-10-01",6143.399902
"2010-10-04",6159.450195
"2010-10-05",6145.799805
"2010-10-06",6186.450195
"2010-10-07",6120.299805
"2010-10-08",6103.450195
"2010-10-11",6135.850098
"2010-10-12",6090.899902
"2010-10-13",6233.899902
"2010-10-14",6177.350098
"2010-10-15",6062.649902
"2010-10-18",6075.950195
"2010-10-19",6027.299805
"2010-10-20",5982.100098
"2010-10-21",6101.5
"2010-10-22",6066.049805
"2010-10-25",6105.799805
"2010-10-26",6082
"2010-10-27",6012.649902
"2010-10-28",5987.700195
"2010-10-29",6017.700195
"2010-11-01",6117.549805
"2010-11-02",6119
"2010-11-03",6160.5
"2010-11-04",6281.799805
"2010-11-08",6273.200195
"2010-11-09",6301.549805
"2010-11-10",6275.700195
"2010-11-11",6194.25
"2010-11-12",6071.649902
"2010-11-15",6121.600098
"2010-11-16",5988.700195
"2010-11-18",5998.799805
"2010-11-19",5890.299805
"2010-11-22",6010
"2010-11-23",5934.75
"2010-11-24",5865.75
"2010-11-25",5799.75
"2010-11-26",5751.950195
"2010-11-29",5830
"2010-11-30",5862.700195
"2010-12-01",5960.899902
"2010-12-02",6011.700195
"2010-12-03",5992.799805
"2010-12-06",5992.25
"2010-12-07",5976.549805
"2010-12-08",5903.700195
"2010-12-09",5766.5
"2010-12-10",5857.350098
"2010-12-13",5907.649902
"2010-12-14",5944.100098
"2010-12-15",5892.299805
"2010-12-16",5948.75
"2010-12-20",5947.049805
"2010-12-21",6000.649902
"2010-12-22",5984.399902
"2010-12-23",5980
"2010-12-24",6011.600098
"2010-12-27",5998.100098
"2010-12-28",5996
"2010-12-29",6060.350098
"2010-12-30",6101.850098
"2010-12-31",6134.5
"2011-01-03",6157.600098
"2011-01-04",6146.350098
"2011-01-05",6079.799805
"2011-01-06",6048.25
"2011-01-07",5904.600098
"2011-01-10",5762.850098
"2011-01-11",5754.100098
"2011-01-12",5863.25
"2011-01-13",5751.899902
"2011-01-14",5654.549805
"2011-01-17",5654.75
"2011-01-18",5724.049805
"2011-01-19",5691.049805
"2011-01-20",5711.600098
"2011-01-21",5696.5
"2011-01-24",5743.25
"2011-01-25",5687.399902
"2011-01-27",5604.299805
"2011-01-28",5512.149902
"2011-01-31",5505.899902
"2011-02-01",5417.200195
"2011-02-02",5432
"2011-02-03",5526.75
"2011-02-04",5395.75
"2011-02-07",5396
"2011-02-08",5312.549805
"2011-02-09",5253.549805
"2011-02-10",5225.799805
"2011-02-11",5310
"2011-02-14",5456
"2011-02-15",5481
"2011-02-16",5481.700195
"2011-02-17",5546.450195
"2011-02-18",5458.950195
"2011-02-21",5518.600098
"2011-02-22",5469.200195
"2011-02-23",5437.350098
"2011-02-24",5262.700195
"2011-02-25",5303.549805
"2011-02-28",5333.25
"2011-03-01",5522.299805
"2011-03-03",5536.200195
"2011-03-04",5538.75
"2011-03-07",5463.149902
"2011-03-08",5520.799805
"2011-03-09",5531
"2011-03-10",5494.399902
"2011-03-11",5445.450195
"2011-03-14",5531.5
"2011-03-15",5449.649902
"2011-03-16",5511.149902
"2011-03-17",5446.649902
"2011-03-18",5373.700195
"2011-03-21",5364.75
"2011-03-22",5413.850098
"2011-03-23",5480.25
"2011-03-24",5522.399902
"2011-03-25",5654.25
"2011-03-28",5687.25
"2011-03-29",5736.350098
"2011-03-30",5787.649902
"2011-03-31",5833.75
"2011-04-01",5826.049805
"2011-04-04",5908.450195
"2011-04-05",5910.049805
"2011-04-06",5891.75
"2011-04-07",5885.700195
"2011-04-08",5842
"2011-04-11",5785.700195
"2011-04-13",5911.5
"2011-04-15",5824.549805
"2011-04-18",5729.100098
"2011-04-19",5740.75
"2011-04-20",5851.649902
"2011-04-21",5884.700195
"2011-04-25",5874.5
"2011-04-26",5868.399902
"2011-04-27",5833.899902
"2011-04-28",5785.450195
"2011-04-29",5749.5
"2011-05-02",5701.299805
"2011-05-03",5565.25
"2011-05-04",5537.149902
"2011-05-05",5459.850098
"2011-05-06",5551.450195
"2011-05-09",5551.100098
"2011-05-10",5541.25
"2011-05-11",5565.049805
"2011-05-12",5486.149902
"2011-05-13",5544.75
"2011-05-16",5499
"2011-05-17",5438.950195
"2011-05-18",5420.600098
"2011-05-19",5428.100098
"2011-05-20",5486.350098
"2011-05-23",5386.549805
"2011-05-24",5394.850098
"2011-05-25",5348.950195
"2011-05-26",5412.350098
"2011-05-27",5476.100098
"2011-05-30",5473.100098
"2011-06-01",5592
"2011-06-02",5550.350098
"2011-06-03",5516.75
"2011-06-06",5532.049805
"2011-06-07",5556.149902
"2011-06-08",5526.850098
"2011-06-09",5521.049805
"2011-06-10",5485.799805
"2011-06-13",5482.799805
"2011-06-14",5500.5
"2011-06-15",5447.5
"2011-06-16",5396.75
"2011-06-17",5366.399902
"2011-06-20",5257.899902
"2011-06-21",5275.850098
"2011-06-22",5278.299805
"2011-06-23",5320
"2011-06-24",5471.25
"2011-06-27",5526.600098
"2011-06-28",5545.299805
"2011-06-29",5600.450195
"2011-06-30",5647.399902
"2011-07-01",5627.200195
"2011-07-04",5650.5
"2011-07-05",5632.100098
"2011-07-06",5625.450195
"2011-07-07",5728.950195
"2011-07-08",5660.649902
"2011-07-11",5616.100098
"2011-07-12",5526.149902
"2011-07-13",5585.450195
"2011-07-15",5581.100098
"2011-07-18",5567.049805
"2011-07-19",5613.549805
"2011-07-20",5567.049805
"2011-07-21",5541.600098
"2011-07-22",5633.950195
"2011-07-25",5680.299805
"2011-07-26",5574.850098
"2011-07-27",5546.799805
"2011-07-28",5487.75
"2011-07-29",5482
"2011-08-01",5516.799805
"2011-08-02",5456.549805
"2011-08-03",5404.799805
"2011-08-04",5331.799805
"2011-08-05",5211.25
"2011-08-08",5118.5
"2011-08-09",5072.850098
"2011-08-10",5161
"2011-08-11",5138.299805
"2011-08-12",5072.950195
"2011-08-16",5035.799805
"2011-08-17",5056.600098
"2011-08-18",4944.149902
"2011-08-19",4845.649902
"2011-08-22",4898.799805
"2011-08-23",4948.899902
"2011-08-24",4888.899902
"2011-08-25",4839.600098
"2011-08-26",4747.799805
"2011-08-29",4919.600098
"2011-08-30",5001
"2011-09-02",5040
"2011-09-05",5017.200195
"2011-09-06",5064.299805
"2011-09-07",5124.649902
"2011-09-08",5153.25
"2011-09-09",5059.450195
"2011-09-12",4946.799805
"2011-09-13",4940.950195
"2011-09-14",5012.549805
"2011-09-15",5075.700195
"2011-09-16",5084.25
"2011-09-19",5031.950195
"2011-09-20",5140.200195
"2011-09-21",5133.25
"2011-09-22",4923.649902
"2011-09-23",4867.75
"2011-09-26",4835.399902
"2011-09-27",4971.25
"2011-09-28",4945.899902
"2011-09-29",5015.450195
"2011-09-30",4943.25
"2011-10-03",4849.5
"2011-10-04",4772.149902
"2011-10-05",4751.299805
"2011-10-07",4888.049805
"2011-10-10",4979.600098
"2011-10-11",4974.350098
"2011-10-12",5099.399902
"2011-10-13",5077.850098
"2011-10-14",5132.299805
"2011-10-17",5118.25
"2011-10-18",5037.5
"2011-10-19",5139.149902
"2011-10-20",5091.899902
"2011-10-21",5049.950195
"2011-10-24",5098.350098
"2011-10-25",5191.600098
"2011-10-28",5360.700195
"2011-10-31",5326.600098
"2011-11-01",5257.950195
"2011-11-02",5258.450195
"2011-11-03",5265.75
"2011-11-04",5284.200195
"2011-11-08",5289.350098
"2011-11-09",5221.049805
"2011-11-11",5168.850098
"2011-11-14",5148.350098
"2011-11-15",5068.5
"2011-11-16",5030.450195
"2011-11-17",4934.75
"2011-11-18",4905.799805
"2011-11-21",4778.350098
"2011-11-22",4812.350098
"2011-11-23",4706.450195
"2011-11-25",4710.049805
"2011-11-28",4851.299805
"2011-11-29",4805.100098
"2011-11-30",4832.049805
"2011-12-01",4936.850098
"2011-12-02",5050.149902
"2011-12-05",5039.149902
"2011-12-07",5062.600098
"2011-12-08",4943.649902
"2011-12-09",4866.700195
"2011-12-12",4764.600098
"2011-12-13",4800.600098
"2011-12-14",4763.25
"2011-12-15",4746.350098
"2011-12-16",4651.600098
"2011-12-19",4613.100098
"2011-12-20",4544.200195
"2011-12-21",4693.149902
"2011-12-22",4733.850098
"2011-12-23",4714
"2011-12-27",4750.5
"2011-12-28",4705.799805
"2011-12-29",4646.25
"2011-12-30",4624.299805
"2012-01-03",4765.299805
"2012-01-04",4749.649902
"2012-01-05",4749.950195
"2012-01-06",4754.100098
"2012-01-09",4742.799805
"2012-01-10",4849.549805
"2012-01-11",4860.950195
"2012-01-12",4831.25
"2012-01-13",4866
"2012-01-16",4873.899902
"2012-01-17",4967.299805
"2012-01-18",4955.799805
"2012-01-19",5018.399902
"2012-01-20",5048.600098
"2012-01-23",5046.25
"2012-01-24",5127.350098
"2012-01-25",5158.299805
"2012-01-27",5204.700195
"2012-01-30",5087.299805
"2012-01-31",5199.25
"2012-02-01",5235.700195
"2012-02-02",5269.899902
"2012-02-03",5325.850098
"2012-02-06",5361.649902
"2012-02-07",5335.149902
"2012-02-08",5368.149902
"2012-02-09",5412.350098
"2012-02-10",5381.600098
"2012-02-13",5390.200195
"2012-02-14",5416.049805
"2012-02-15",5531.950195
"2012-02-16",5521.950195
"2012-02-17",5564.299805
"2012-02-21",5607.149902
"2012-02-22",5505.350098
"2012-02-23",5483.299805
"2012-02-24",5429.299805
"2012-02-27",5281.200195
"2012-02-28",5375.5
"2012-02-29",5385.200195
"2012-03-01",5339.75
"2012-03-02",5359.350098
"2012-03-05",5280.350098
"2012-03-06",5222.399902
"2012-03-07",5220.450195
"2012-03-09",5333.549805
"2012-03-12",5359.549805
"2012-03-13",5429.5
"2012-03-14",5463.899902
"2012-03-15",5380.5
"2012-03-16",5317.899902
"2012-03-19",5257.049805
"2012-03-20",5274.850098
"2012-03-21",5364.950195
"2012-03-22",5228.450195
"2012-03-23",5278.200195
"2012-03-26",5184.25
"2012-03-27",5243.149902
"2012-03-28",5194.75
"2012-03-29",5178.850098
"2012-03-30",5295.549805
"2012-04-02",5317.899902
"2012-04-03",5358.5
"2012-04-04",5322.899902
"2012-04-09",5234.399902
"2012-04-10",5243.600098
"2012-04-11",5226.850098
"2012-04-12",5276.850098
"2012-04-13",5207.450195
"2012-04-16",5226.200195
"2012-04-17",5289.700195
"2012-04-18",5300
"2012-04-19",5332.399902
"2012-04-20",5290.850098
"2012-04-23",5200.600098
"2012-04-24",5222.649902
"2012-04-25",5202
"2012-04-26",5189
"2012-04-27",5190.600098
"2012-04-30",5248.149902
"2012-05-02",5239.149902
"2012-05-03",5188.399902
"2012-05-04",5086.850098
"2012-05-07",5114.149902
"2012-05-08",4999.950195
"2012-05-09",4974.799805
"2012-05-10",4965.700195
"2012-05-11",4928.899902
"2012-05-14",4907.799805
"2012-05-15",4942.799805
"2012-05-16",4858.25
"2012-05-17",4870.200195
"2012-05-18",4891.450195
"2012-05-22",4860.5
"2012-05-23",4835.649902
"2012-05-24",4921.399902
"2012-05-25",4920.399902
"2012-05-28",4985.649902
"2012-05-29",4990.100098
"2012-05-30",4950.75
"2012-05-31",4924.25
"2012-06-01",4841.600098
"2012-06-04",4848.149902
"2012-06-05",4863.299805
"2012-06-06",4997.100098
"2012-06-07",5049.649902
"2012-06-08",5068.350098
"2012-06-11",5054.100098
"2012-06-12",5115.899902
"2012-06-13",5121.450195
"2012-06-14",5054.75
"2012-06-15",5139.049805
"2012-06-18",5064.25
"2012-06-19",5103.850098
"2012-06-20",5120.549805
"2012-06-21",5165
"2012-06-22",5146.049805
"2012-06-25",5114.649902
"2012-06-26",5120.799805
"2012-06-27",5141.899902
"2012-06-28",5149.149902
"2012-06-29",5278.899902
"2012-07-02",5278.600098
"2012-07-03",5287.950195
"2012-07-04",5302.549805
"2012-07-05",5327.299805
"2012-07-06",5316.950195
"2012-07-09",5275.149902
"2012-07-10",5345.350098
"2012-07-11",5306.299805
"2012-07-12",5235.25
"2012-07-13",5227.25
"2012-07-16",5197.25
"2012-07-17",5192.850098
"2012-07-18",5216.299805
"2012-07-19",5242.700195
"2012-07-20",5205.100098
"2012-07-23",5117.950195
"2012-07-24",5128.200195
"2012-07-25",5109.600098
"2012-07-26",5043
"2012-07-27",5099.850098
"2012-07-30",5199.799805
"2012-07-31",5229
"2012-08-01",5240.5
"2012-08-02",5227.75
"2012-08-03",5215.700195
"2012-08-06",5282.549805
"2012-08-07",5336.700195
"2012-08-08",5338
"2012-08-09",5322.950195
"2012-08-10",5320.399902
"2012-08-13",5347.899902
"2012-08-14",5380.350098
"2012-08-16",5362.950195
"2012-08-17",5366.299805
"2012-08-21",5421
"2012-08-22",5412.850098
"2012-08-23",5415.350098
"2012-08-24",5386.700195
"2012-08-27",5350.25
"2012-08-29",5287.799805
"2012-08-30",5315.049805
"2012-08-31",5258.5
"2012-09-03",5253.75
"2012-09-04",5274
"2012-09-05",5225.700195
"2012-09-06",5238.399902
"2012-09-07",5342.100098
"2012-09-10",5363.450195
"2012-09-11",5390
"2012-09-12",5431
"2012-09-13",5435.350098
"2012-09-14",5577.649902
"2012-09-17",5610
"2012-09-18",5600.049805
"2012-09-20",5554.25
"2012-09-21",5691.149902
"2012-09-24",5669.600098
"2012-09-25",5673.899902
"2012-09-26",5663.450195
"2012-09-27",5649.5
"2012-09-28",5703.299805
"2012-10-01",5718.799805
"2012-10-03",5731.25
"2012-10-04",5787.600098
"2012-10-05",5746.950195
"2012-10-08",5676
"2012-10-09",5704.600098
"2012-10-10",5652.149902
"2012-10-11",5708.049805
"2012-10-12",5676.049805
"2012-10-15",5687.25
"2012-10-16",5648
"2012-10-17",5660.25
"2012-10-18",5718.700195
"2012-10-19",5684.25
"2012-10-22",5717.149902
"2012-10-23",5691.399902
"2012-10-25",5705.299805
"2012-10-29",5665.600098
"2012-10-30",5597.899902
"2012-10-31",5619.700195
"2012-11-01",5645.049805
"2012-11-02",5697.700195
"2012-11-05",5704.200195
"2012-11-06",5724.399902
"2012-11-07",5760.100098
"2012-11-08",5738.75
"2012-11-09",5686.25
"2012-11-12",5683.700195
"2012-11-15",5631
"2012-11-16",5574.049805
"2012-11-19",5571.399902
"2012-11-20",5571.549805
"2012-11-21",5614.799805
"2012-11-22",5627.75
"2012-11-23",5626.600098
"2012-11-26",5635.899902
"2012-11-27",5727.450195
"2012-11-29",5825
"2012-11-30",5879.850098
"2012-12-03",5870.950195
"2012-12-04",5889.25
"2012-12-05",5900.5
"2012-12-06",5930.899902
"2012-12-07",5907.399902
"2012-12-10",5908.899902
"2012-12-11",5898.799805
"2012-12-12",5888
"2012-12-13",5851.5
"2012-12-14",5879.600098
"2012-12-17",5857.899902
"2012-12-18",5896.799805
"2012-12-19",5929.600098
"2012-12-20",5916.399902
"2012-12-21",5847.700195
"2012-12-24",5855.75
"2012-12-26",5905.600098
"2012-12-27",5870.100098
"2012-12-28",5908.350098
"2012-12-31",5905.100098
"2013-01-02",5993.25
"2013-01-03",6009.5
"2013-01-04",6016.149902
"2013-01-07",5988.399902
"2013-01-08",6001.700195
"2013-01-09",5971.5
"2013-01-10",5968.649902
"2013-01-11",5951.299805
"2013-01-14",6024.049805
"2013-01-15",6056.600098
"2013-01-16",6001.850098
"2013-01-17",6039.200195
"2013-01-18",6064.399902
"2013-01-21",6082.299805
"2013-01-22",6048.5
"2013-01-23",6054.299805
"2013-01-24",6019.350098
"2013-01-25",6074.649902
"2013-01-28",6074.799805
"2013-01-29",6049.899902
"2013-01-30",6055.75
"2013-01-31",6034.75
"2013-02-01",5998.899902
"2013-02-04",5987.25
"2013-02-05",5956.899902
"2013-02-06",5959.200195
"2013-02-07",5938.799805
"2013-02-08",5903.5
"2013-02-11",5897.850098
"2013-02-12",5922.5
"2013-02-13",5932.950195
"2013-02-14",5896.950195
"2013-02-15",5887.399902
"2013-02-18",5898.200195
"2013-02-19",5939.700195
"2013-02-20",5943.049805
"2013-02-21",5852.25
"2013-02-22",5850.299805
"2013-02-25",5854.75
"2013-02-26",5761.350098
"2013-02-27",5796.899902
"2013-02-28",5693.049805
"2013-03-01",5719.700195
"2013-03-04",5698.5
"2013-03-05",5784.25
"2013-03-06",5818.600098
"2013-03-07",5863.299805
"2013-03-08",5945.700195
"2013-03-11",5942.350098
"2013-03-12",5914.100098
"2013-03-13",5851.200195
"2013-03-14",5908.950195
"2013-03-15",5872.600098
"2013-03-18",5835.25
"2013-03-19",5745.950195
"2013-03-20",5694.399902
"2013-03-21",5658.75
"2013-03-22",5651.350098
"2013-03-25",5633.850098
"2013-03-26",5641.600098
"2013-03-28",5682.549805
"2013-04-01",5704.399902
"2013-04-02",5748.100098
"2013-04-03",5672.899902
"2013-04-04",5574.75
"2013-04-05",5553.25
"2013-04-08",5542.950195
"2013-04-09",5495.100098
"2013-04-10",5558.700195
"2013-04-11",5594
"2013-04-12",5528.549805
"2013-04-15",5568.399902
"2013-04-16",5688.950195
"2013-04-17",5688.700195
"2013-04-18",5783.100098
"2013-04-22",5834.399902
"2013-04-23",5836.899902
"2013-04-25",5916.299805
"2013-04-26",5871.450195
"2013-04-29",5904.100098
"2013-04-30",5930.200195
"2013-05-02",5999.350098
"2013-05-03",5944
"2013-05-06",5971.049805
"2013-05-07",6043.549805
"2013-05-08",6069.299805
"2013-05-09",6050.149902
"2013-05-10",6094.75
"2013-05-13",5980.450195
"2013-05-14",5995.399902
"2013-05-15",6146.75
"2013-05-16",6169.899902
"2013-05-17",6187.299805
"2013-05-20",6156.899902
"2013-05-21",6114.100098
"2013-05-22",6094.5
"2013-05-23",5967.049805
"2013-05-24",5983.549805
"2013-05-27",6083.149902
"2013-05-28",6111.25
"2013-05-29",6104.299805
"2013-05-30",6124.049805
"2013-05-31",5985.950195
"2013-06-03",5939.299805
"2013-06-04",5919.450195
"2013-06-05",5923.850098
"2013-06-06",5921.399902
"2013-06-07",5881
"2013-06-10",5878
"2013-06-11",5788.799805
"2013-06-12",5760.200195
"2013-06-13",5699.100098
"2013-06-14",5808.399902
"2013-06-17",5850.049805
"2013-06-18",5813.600098
"2013-06-19",5822.25
"2013-06-20",5655.899902
"2013-06-21",5667.649902
"2013-06-24",5590.25
"2013-06-25",5609.100098
"2013-06-26",5588.700195
"2013-06-27",5682.350098
"2013-06-28",5842.200195
"2013-07-01",5898.850098
"2013-07-02",5857.549805
"2013-07-03",5770.899902
"2013-07-04",5836.950195
"2013-07-05",5867.899902
"2013-07-08",5811.549805
"2013-07-09",5859
"2013-07-10",5816.700195
"2013-07-11",5935.100098
"2013-07-12",6009
"2013-07-15",6030.799805
"2013-07-16",5955.25
"2013-07-17",5973.299805
"2013-07-18",6038.049805
"2013-07-19",6029.200195
"2013-07-22",6031.799805
"2013-07-23",6077.799805
"2013-07-24",5990.5
"2013-07-25",5907.5
"2013-07-26",5886.200195
"2013-07-29",5831.649902
"2013-07-30",5755.049805
"2013-07-31",5742
"2013-08-01",5727.850098
"2013-08-02",5677.899902
"2013-08-05",5685.399902
"2013-08-06",5542.25
"2013-08-07",5519.100098
"2013-08-08",5565.649902
"2013-08-12",5612.399902
"2013-08-13",5699.299805
"2013-08-14",5742.299805
"2013-08-16",5507.850098
"2013-08-19",5414.75
"2013-08-20",5401.450195
"2013-08-21",5302.549805
"2013-08-22",5408.450195
"2013-08-23",5471.75
"2013-08-26",5476.5
"2013-08-27",5287.450195
"2013-08-28",5285
"2013-08-29",5409.049805
"2013-08-30",5471.799805
"2013-09-02",5550.75
"2013-09-03",5341.450195
"2013-09-04",5448.100098
"2013-09-05",5592.950195
"2013-09-06",5680.399902
"2013-09-10",5896.75
"2013-09-11",5913.149902
"2013-09-12",5850.700195
"2013-09-13",5850.600098
"2013-09-16",5840.549805
"2013-09-17",5850.200195
"2013-09-18",5899.450195
"2013-09-19",6115.549805
"2013-09-20",6012.100098
"2013-09-23",5889.75
"2013-09-24",5892.450195
"2013-09-25",5873.850098
"2013-09-26",5882.25
"2013-09-27",5833.200195
"2013-09-30",5735.299805
"2013-10-01",5780.049805
"2013-10-03",5909.700195
"2013-10-04",5907.299805
"2013-10-07",5906.149902
"2013-10-08",5928.399902
"2013-10-09",6007.450195
"2013-10-10",6020.950195
"2013-10-11",6096.200195
"2013-10-14",6112.700195
"2013-10-15",6089.049805
"2013-10-17",6045.850098
"2013-10-18",6189.350098
"2013-10-21",6204.950195
"2013-10-22",6202.799805
"2013-10-23",6178.350098
"2013-10-24",6164.350098
"2013-10-25",6144.899902
"2013-10-28",6101.100098
"2013-10-29",6220.899902
"2013-10-30",6251.700195
"2013-10-31",6299.149902
"2013-11-01",6307.200195
"2013-11-05",6253.149902
"2013-11-06",6215.149902
"2013-11-07",6187.25
"2013-11-08",6140.75
"2013-11-11",6078.799805
"2013-11-12",6018.049805
"2013-11-13",5989.600098
"2013-11-14",6056.149902
"2013-11-18",6189
"2013-11-19",6203.350098
"2013-11-20",6122.899902
"2013-11-21",5999.049805
"2013-11-22",5995.450195
"2013-11-25",6115.350098
"2013-11-26",6059.100098
"2013-11-27",6057.100098
"2013-11-28",6091.850098
"2013-11-29",6176.100098
"2013-12-02",6217.850098
"2013-12-03",6201.850098
"2013-12-04",6160.950195
"2013-12-05",6241.100098
"2013-12-06",6259.899902
"2013-12-09",6363.899902
"2013-12-10",6332.850098
"2013-12-11",6307.899902
"2013-12-12",6237.049805
"2013-12-13",6168.399902
"2013-12-16",6154.700195
"2013-12-17",6139.049805
"2013-12-18",6217.149902
"2013-12-19",6166.649902
"2013-12-20",6274.25
"2013-12-23",6284.5
"2013-12-24",6268.399902
"2013-12-26",6278.899902
"2013-12-27",6313.799805
"2013-12-30",6291.100098
"2013-12-31",6304
"2014-01-02",6221.149902
"2014-01-03",6211.149902
"2014-01-06",6191.450195
"2014-01-07",6162.25
"2014-01-08",6174.600098
"2014-01-09",6168.350098
"2014-01-10",6171.450195
"2014-01-13",6272.75
"2014-01-14",6241.850098
"2014-01-15",6320.899902
"2014-01-16",6318.899902
"2014-01-17",6261.649902
"2014-01-20",6303.950195
"2014-01-21",6313.799805
"2014-01-22",6338.950195
"2014-01-23",6345.649902
"2014-01-24",6266.75
"2014-01-27",6135.850098
"2014-01-28",6126.25
"2014-01-29",6120.25
"2014-01-30",6073.700195
"2014-01-31",6089.5
"2014-02-03",6001.799805
"2014-02-04",6000.899902
"2014-02-05",6022.399902
"2014-02-06",6036.299805
"2014-02-07",6063.200195
"2014-02-10",6053.450195
"2014-02-11",6062.700195
"2014-02-12",6084
"2014-02-13",6001.100098
"2014-02-14",6048.350098
"2014-02-18",6127.100098
"2014-02-19",6152.75
"2014-02-20",6091.450195
"2014-02-21",6155.450195
"2014-02-24",6186.100098
"2014-02-25",6200.049805
"2014-02-26",6238.799805
"2014-02-28",6276.950195
"2014-03-03",6221.450195
"2014-03-04",6297.950195
"2014-03-05",6328.649902
"2014-03-06",6401.149902
"2014-03-07",6526.649902
"2014-03-10",6537.25
"2014-03-11",6511.899902
"2014-03-12",6516.899902
"2014-03-13",6493.100098
"2014-03-14",6504.200195
"2014-03-18",6516.649902
"2014-03-19",6524.049805
"2014-03-20",6483.100098
"2014-03-21",6493.200195
"2014-03-24",6583.5
"2014-03-25",6589.75
"2014-03-26",6601.399902
"2014-03-27",6641.75
"2014-03-28",6695.899902
"2014-03-31",6704.200195
"2014-04-01",6721.049805
"2014-04-02",6752.549805
"2014-04-03",6736.100098
"2014-04-04",6694.350098
"2014-04-07",6695.049805
"2014-04-09",6796.200195
"2014-04-10",6796.399902
"2014-04-11",6776.299805
"2014-04-15",6733.100098
"2014-04-16",6675.299805
"2014-04-17",6779.399902
"2014-04-21",6817.649902
"2014-04-22",6815.350098
"2014-04-23",6840.799805
"2014-04-25",6782.75
"2014-04-28",6761.25
"2014-04-29",6715.25
"2014-04-30",6696.399902
"2014-05-02",6694.799805
"2014-05-05",6699.350098
"2014-05-06",6715.299805
"2014-05-07",6652.549805
"2014-05-08",6659.850098
"2014-05-09",6858.799805
"2014-05-12",7014.25
"2014-05-13",7108.75
"2014-05-14",7108.75
"2014-05-15",7123.149902
"2014-05-16",7203
"2014-05-19",7263.549805
"2014-05-20",7275.5
"2014-05-21",7252.899902
"2014-05-22",7276.399902
"2014-05-23",7367.100098
"2014-05-26",7359.049805
"2014-05-27",7318
"2014-05-28",7329.649902
"2014-05-29",7235.649902
"2014-05-30",7229.950195
"2014-06-02",7362.5
"2014-06-03",7415.850098
"2014-06-04",7402.25
"2014-06-05",7474.100098
"2014-06-06",7583.399902
"2014-06-09",7654.600098
"2014-06-10",7656.399902
"2014-06-11",7626.850098
"2014-06-12",7649.899902
"2014-06-13",7542.100098
"2014-06-16",7533.549805
"2014-06-17",7631.700195
"2014-06-18",7558.200195
"2014-06-19",7540.700195
"2014-06-20",7511.450195
"2014-06-23",7493.350098
"2014-06-24",7580.200195
"2014-06-25",7569.25
"2014-06-26",7493.200195
"2014-06-27",7508.799805
"2014-06-30",7611.350098
"2014-07-01",7634.700195
"2014-07-02",7725.149902
"2014-07-03",7714.799805
"2014-07-04",7751.600098
"2014-07-07",7787.149902
"2014-07-08",7623.200195
"2014-07-09",7585
"2014-07-10",7567.75
"2014-07-11",7459.600098
"2014-07-14",7454.149902
"2014-07-15",7526.649902
"2014-07-16",7624.399902
"2014-07-17",7640.450195
"2014-07-18",7663.899902
"2014-07-21",7684.200195
"2014-07-22",7767.850098
"2014-07-23",7795.75
"2014-07-24",7830.600098
"2014-07-25",7790.450195
"2014-07-28",7748.700195
"2014-07-30",7791.399902
"2014-07-31",7721.299805
"2014-08-01",7602.600098
"2014-08-04",7683.649902
"2014-08-05",7746.549805
"2014-08-06",7672.049805
"2014-08-07",7649.25
"2014-08-08",7568.549805
"2014-08-11",7625.950195
"2014-08-12",7727.049805
"2014-08-13",7739.549805
"2014-08-14",7791.700195
"2014-08-18",7874.25
"2014-08-19",7897.5
"2014-08-20",7875.299805
"2014-08-21",7891.100098
"2014-08-22",7913.200195
"2014-08-25",7906.299805
"2014-08-26",7904.75
"2014-08-27",7936.049805
"2014-08-28",7954.350098
"2014-09-01",8027.700195
"2014-09-02",8083.049805
"2014-09-03",8114.600098
"2014-09-04",8095.950195
"2014-09-05",8086.850098
"2014-09-08",8173.899902
"2014-09-09",8152.950195
"2014-09-10",8094.100098
"2014-09-11",8085.700195
"2014-09-12",8105.5
"2014-09-15",8042
"2014-09-16",7932.899902
"2014-09-17",7975.5
"2014-09-18",8114.75
"2014-09-19",8121.450195
"2014-09-22",8146.299805
"2014-09-23",8017.549805
"2014-09-24",8002.399902
"2014-09-25",7911.850098
"2014-09-26",7968.850098
"2014-09-29",7958.899902
"2014-09-30",7964.799805
"2014-10-01",7945.549805
"2014-10-07",7852.399902
"2014-10-08",7842.700195
"2014-10-09",7960.549805
"2014-10-10",7859.950195
"2014-10-13",7884.25
"2014-10-14",7864
"2014-10-16",7748.200195
"2014-10-17",7779.700195
"2014-10-20",7879.399902
"2014-10-21",7927.75
"2014-10-22",7995.899902
"2014-10-27",7991.700195
"2014-10-28",8027.600098
"2014-10-29",8090.450195
"2014-10-30",8169.200195
"2014-10-31",8322.200195
"2014-11-03",8324.150391
"2014-11-05",8338.299805
"2014-11-07",8337
"2014-11-10",8344.25
"2014-11-11",8362.650391
"2014-11-12",8383.299805
"2014-11-13",8357.849609
"2014-11-14",8389.900391
"2014-11-17",8430.75
"2014-11-18",8425.900391
"2014-11-19",8382.299805
"2014-11-20",8401.900391
"2014-11-21",8477.349609
"2014-11-24",8530.150391
"2014-11-25",8463.099609
"2014-11-26",8475.75
"2014-11-27",8494.200195
"2014-11-28",8588.25
"2014-12-01",8555.900391
"2014-12-02",8524.700195
"2014-12-03",8537.650391
"2014-12-04",8564.400391
"2014-12-05",8538.299805
"2014-12-08",8438.25
"2014-12-09",8340.700195
"2014-12-10",8355.650391
"2014-12-11",8292.900391
"2014-12-12",8224.099609
"2014-12-15",8219.599609
"2014-12-16",8067.600098
"2014-12-17",8029.799805
"2014-12-18",8159.299805
"2014-12-19",8225.200195
"2014-12-22",8324
"2014-12-23",8267
"2014-12-24",8174.100098
"2014-12-26",8200.700195
"2014-12-29",8246.299805
"2014-12-30",8248.25
"2014-12-31",8282.700195
"2015-01-02",8395.450195
"2015-01-05",8378.400391
"2015-01-06",8127.350098
"2015-01-07",8102.100098
"2015-01-08",8234.599609
"2015-01-09",8284.5
"2015-01-12",8323
"2015-01-13",8299.400391
"2015-01-14",8277.549805
"2015-01-15",8494.150391
"2015-01-16",8513.799805
"2015-01-19",8550.700195
"2015-01-20",8695.599609
"2015-01-21",8729.5
"2015-01-22",8761.400391
"2015-01-23",8835.599609
"2015-01-27",8910.5
"2015-01-28",8914.299805
"2015-01-29",8952.349609
"2015-01-30",8808.900391
"2015-02-02",8797.400391
"2015-02-03",8756.549805
"2015-02-04",8723.700195
"2015-02-05",8711.700195
"2015-02-06",8661.049805
"2015-02-09",8526.349609
"2015-02-10",8565.549805
"2015-02-11",8627.400391
"2015-02-12",8711.549805
"2015-02-13",8805.5
"2015-02-16",8809.349609
"2015-02-18",8869.099609
"2015-02-19",8895.299805
"2015-02-20",8833.599609
"2015-02-23",8754.950195
"2015-02-24",8762.099609
"2015-02-25",8767.25
"2015-02-26",8683.849609
"2015-02-27",8844.599609
"2015-03-02",8956.75
"2015-03-03",8996.25
"2015-03-04",8922.650391
"2015-03-05",8937.75
"2015-03-09",8756.75
"2015-03-10",8712.049805
"2015-03-11",8699.950195
"2015-03-12",8776
"2015-03-13",8647.75
"2015-03-16",8633.150391
"2015-03-17",8723.299805
"2015-03-18",8685.900391
"2015-03-19",8634.650391
"2015-03-20",8570.900391
"2015-03-23",8550.900391
"2015-03-24",8542.950195
"2015-03-25",8530.799805
"2015-03-26",8342.150391
"2015-03-27",8341.400391
"2015-03-30",8492.299805
"2015-03-31",8491
"2015-04-01",8586.25
"2015-04-06",8659.900391
"2015-04-07",8660.299805
"2015-04-08",8714.400391
"2015-04-09",8778.299805
"2015-04-10",8780.349609
"2015-04-13",8834
"2015-04-16",8706.700195
"2015-04-17",8606
"2015-04-20",8448.099609
"2015-04-21",8377.75
"2015-04-22",8429.700195
"2015-04-23",8398.299805
"2015-04-24",8305.25
"2015-04-27",8213.799805
"2015-04-28",8285.599609
"2015-04-29",8239.75
"2015-04-30",8181.5
"2015-05-04",8331.950195
"2015-05-05",8324.799805
"2015-05-06",8097
"2015-05-07",8057.299805
"2015-05-08",8191.5
"2015-05-11",8325.25
"2015-05-12",8126.950195
"2015-05-13",8235.450195
"2015-05-14",8224.200195
"2015-05-15",8262.349609
"2015-05-18",8373.650391
"2015-05-19",8365.650391
"2015-05-20",8423.25
"2015-05-21",8421
"2015-05-22",8458.950195
"2015-05-25",8370.25
"2015-05-26",8339.349609
"2015-05-27",8334.599609
"2015-05-28",8319
"2015-05-29",8433.650391
"2015-06-01",8433.400391
"2015-06-02",8236.450195
"2015-06-03",8135.100098
"2015-06-04",8130.649902
"2015-06-05",8114.700195
"2015-06-08",8044.149902
"2015-06-09",8022.399902
"2015-06-10",8124.450195
"2015-06-11",7965.350098
"2015-06-12",7982.899902
"2015-06-15",8013.899902
"2015-06-16",8047.299805
"2015-06-17",8091.549805
"2015-06-18",8174.600098
"2015-06-19",8224.950195
"2015-06-22",8353.099609
"2015-06-23",8381.549805
"2015-06-24",8360.849609
"2015-06-25",8398
"2015-06-26",8381.099609
"2015-06-29",8318.400391
"2015-06-30",8368.5
"2015-07-01",8453.049805
"2015-07-02",8444.900391
"2015-07-03",8484.900391
"2015-07-06",8522.150391
"2015-07-07",8510.799805
"2015-07-08",8363.049805
"2015-07-09",8328.549805
"2015-07-10",8360.549805
"2015-07-13",8459.650391
"2015-07-14",8454.099609
"2015-07-15",8523.799805
"2015-07-16",8608.049805
"2015-07-17",8609.849609
"2015-07-20",8603.450195
"2015-07-21",8529.450195
"2015-07-22",8633.5
"2015-07-23",8589.799805
"2015-07-24",8521.549805
"2015-07-27",8361
"2015-07-28",8337
"2015-07-29",8375.049805
"2015-07-30",8421.799805
"2015-07-31",8532.849609
"2015-08-03",8543.049805
"2015-08-04",8516.900391
"2015-08-05",8567.950195
"2015-08-06",8588.650391
"2015-08-07",8564.599609
"2015-08-10",8525.599609
"2015-08-11",8462.349609
"2015-08-12",8349.450195
"2015-08-13",8355.849609
"2015-08-14",8518.549805
"2015-08-17",8477.299805
"2015-08-18",8466.549805
"2015-08-19",8495.150391
"2015-08-20",8372.75
"2015-08-21",8299.950195
"2015-08-24",7809
"2015-08-25",7880.700195
"2015-08-26",7791.850098
"2015-08-27",7948.950195
"2015-08-28",8001.950195
"2015-08-31",7971.299805
"2015-09-01",7785.850098
"2015-09-02",7717
"2015-09-03",7823
"2015-09-04",7655.049805
"2015-09-07",7558.799805
"2015-09-08",7688.25
"2015-09-09",7818.600098
"2015-09-10",7788.100098
"2015-09-11",7789.299805
"2015-09-14",7872.25
"2015-09-15",7829.100098
"2015-09-16",7899.149902
"2015-09-18",7981.899902
"2015-09-21",7977.100098
"2015-09-22",7812
"2015-09-23",7845.950195
"2015-09-24",7868.5
"2015-09-28",7795.700195
"2015-09-29",7843.299805
"2015-09-30",7948.899902
"2015-10-01",7950.899902
"2015-10-05",8119.299805
"2015-10-06",8152.899902
"2015-10-07",8177.399902
"2015-10-08",8129.350098
"2015-10-09",8189.700195
"2015-10-12",8143.600098
"2015-10-13",8131.700195
"2015-10-14",8107.899902
"2015-10-15",8179.5
"2015-10-16",8238.150391
"2015-10-19",8275.049805
"2015-10-20",8261.650391
"2015-10-21",8251.700195
"2015-10-23",8295.450195
"2015-10-26",8260.549805
"2015-10-27",8232.900391
"2015-10-28",8171.200195
"2015-10-29",8111.75
"2015-10-30",8065.799805
"2015-11-02",8050.799805
"2015-11-03",8060.700195
"2015-11-04",8040.200195
"2015-11-05",7955.450195
"2015-11-06",7954.299805
"2015-11-09",7915.200195
"2015-11-10",7783.350098
"2015-11-13",7762.25
"2015-11-16",7806.600098
"2015-11-17",7837.549805
"2015-11-18",7731.799805
"2015-11-19",7842.75
"2015-11-20",7856.549805
"2015-11-23",7849.25
"2015-11-24",7831.600098
"2015-11-26",7883.799805
"2015-11-27",7942.700195
"2015-11-30",7935.25
"2015-12-01",7954.899902
"2015-12-02",7931.350098
"2015-12-03",7864.149902
"2015-12-04",7781.899902
"2015-12-07",7765.399902
"2015-12-08",7701.700195
"2015-12-09",7612.5
"2015-12-10",7683.299805
"2015-12-11",7610.450195
"2015-12-14",7650.049805
"2015-12-15",7700.899902
"2015-12-16",7750.899902
"2015-12-17",7844.350098
"2015-12-18",7761.950195
"2015-12-21",7834.450195
"2015-12-22",7786.100098
"2015-12-23",7865.950195
"2015-12-24",7861.049805
"2015-12-28",7925.149902
"2015-12-29",7928.950195
"2015-12-30",7896.25
"2015-12-31",7946.350098
"2016-01-04",7791.299805
"2016-01-05",7784.649902
"2016-01-06",7741
"2016-01-07",7568.299805
"2016-01-08",7601.350098
"2016-01-11",7563.850098
"2016-01-12",7510.299805
"2016-01-13",7562.399902
"2016-01-14",7536.799805
"2016-01-15",7437.799805
"2016-01-18",7351
"2016-01-19",7435.100098
"2016-01-20",7309.299805
"2016-01-21",7276.799805
"2016-01-22",7422.450195
"2016-01-25",7436.149902
"2016-01-27",7437.75
"2016-01-28",7424.649902
"2016-01-29",7563.549805
"2016-02-01",7555.950195
"2016-02-02",7455.549805
"2016-02-03",7361.799805
"2016-02-04",7404
"2016-02-05",7489.100098
"2016-02-08",7387.25
"2016-02-09",7298.200195
"2016-02-10",7215.700195
"2016-02-11",6976.350098
"2016-02-12",6980.950195
"2016-02-15",7162.950195
"2016-02-16",7048.25
"2016-02-17",7108.450195
"2016-02-18",7191.75
"2016-02-19",7210.75
"2016-02-22",7234.549805
"2016-02-23",7109.549805
"2016-02-24",7018.700195
"2016-02-25",6970.600098
"2016-02-26",7029.75
"2016-02-29",6987.049805
"2016-03-01",7222.299805
"2016-03-02",7368.850098
"2016-03-03",7475.600098
"2016-03-04",7485.350098
"2016-03-08",7485.299805
"2016-03-09",7531.799805
"2016-03-10",7486.149902
"2016-03-11",7510.200195
"2016-03-14",7538.75
"2016-03-15",7460.600098
"2016-03-16",7498.75
"2016-03-17",7512.549805
"2016-03-18",7604.350098
"2016-03-21",7704.25
"2016-03-22",7714.899902
"2016-03-23",7716.5
"2016-03-28",7615.100098
"2016-03-29",7597
"2016-03-30",7735.200195
"2016-03-31",7738.399902
"2016-04-01",7713.049805
"2016-04-04",7758.799805
"2016-04-05",7603.200195
"2016-04-06",7614.350098
"2016-04-07",7546.450195
"2016-04-08",7555.200195
"2016-04-11",7671.399902
"2016-04-12",7708.950195
"2016-04-13",7850.450195
"2016-04-18",7914.700195
"2016-04-20",7914.75
"2016-04-21",7912.049805
"2016-04-22",7899.299805
"2016-04-25",7855.049805
"2016-04-26",7962.649902
"2016-04-27",7979.899902
"2016-04-28",7847.25
"2016-04-29",7849.799805
"2016-05-02",7805.899902
"2016-05-03",7747
"2016-05-04",7706.549805
"2016-05-05",7735.5
"2016-05-06",7733.450195
"2016-05-09",7866.049805
"2016-05-10",7887.799805
"2016-05-11",7848.850098
"2016-05-12",7900.399902
"2016-05-13",7814.899902
"2016-05-16",7860.75
"2016-05-17",7890.75
"2016-05-18",7870.149902
"2016-05-19",7783.399902
"2016-05-20",7749.700195
"2016-05-23",7731.049805
"2016-05-24",7748.850098
"2016-05-25",7934.899902
"2016-05-26",8069.649902
"2016-05-27",8156.649902
"2016-05-30",8178.5
"2016-05-31",8160.100098
"2016-06-01",8179.950195
"2016-06-02",8218.950195
"2016-06-03",8220.799805
"2016-06-06",8201.049805
"2016-06-07",8266.450195
"2016-06-08",8273.049805
"2016-06-09",8203.599609
"2016-06-10",8170.049805
"2016-06-13",8110.600098
"2016-06-14",8108.850098
"2016-06-15",8206.599609
"2016-06-16",8140.75
"2016-06-17",8170.200195
"2016-06-20",8238.5
"2016-06-21",8219.900391
"2016-06-22",8203.700195
"2016-06-23",8270.450195
"2016-06-24",8088.600098
"2016-06-27",8094.700195
"2016-06-28",8127.850098
"2016-06-29",8204
"2016-06-30",8287.75
"2016-07-01",8328.349609
"2016-07-04",8370.700195
"2016-07-05",8335.950195
"2016-07-07",8337.900391
"2016-07-08",8323.200195
"2016-07-11",8467.900391
"2016-07-12",8521.049805
"2016-07-13",8519.5
"2016-07-14",8565
"2016-07-15",8541.400391
"2016-07-18",8508.700195
"2016-07-19",8528.549805
"2016-07-20",8565.849609
"2016-07-21",8510.099609
"2016-07-22",8541.200195
"2016-07-25",8635.650391
"2016-07-26",8590.650391
"2016-07-27",8615.799805
"2016-07-28",8666.299805
"2016-07-29",8638.5
"2016-08-01",8636.549805
"2016-08-02",8622.900391
"2016-08-03",8544.849609
"2016-08-04",8551.099609
"2016-08-05",8683.150391
"2016-08-08",8711.349609
"2016-08-09",8678.25
"2016-08-10",8575.299805
"2016-08-11",8592.150391
"2016-08-16",8642.549805
"2016-08-17",8624.049805
"2016-08-18",8673.25
"2016-08-19",8666.900391
"2016-08-22",8629.150391
"2016-08-23",8632.599609
"2016-08-24",8650.299805
"2016-08-25",8592.200195
"2016-08-26",8572.549805
"2016-08-29",8607.450195
"2016-08-30",8744.349609
"2016-08-31",8786.200195
"2016-09-01",8774.650391
"2016-09-02",8809.650391
"2016-09-06",8943
"2016-09-07",8917.950195
"2016-09-08",8952.5
"2016-09-09",8866.700195
"2016-09-12",8715.599609
"2016-09-14",8726.599609
"2016-09-15",8742.549805
"2016-09-16",8779.849609
"2016-09-19",8808.400391
"2016-09-20",8775.900391
"2016-09-21",8777.150391
"2016-09-22",8867.450195
"2016-09-23",8831.549805
"2016-09-26",8723.049805
"2016-09-27",8706.400391
"2016-09-28",8745.150391
"2016-09-29",8591.25
"2016-09-30",8611.150391
"2016-10-03",8738.099609
"2016-10-04",8769.150391
"2016-10-05",8743.950195
"2016-10-06",8709.549805
"2016-10-07",8697.599609
"2016-10-10",8708.799805
"2016-10-13",8573.349609
"2016-10-14",8583.400391
"2016-10-17",8520.400391
"2016-10-18",8677.900391
"2016-10-19",8659.099609
"2016-10-20",8699.400391
"2016-10-21",8693.049805
"2016-10-24",8708.950195
"2016-10-25",8691.299805
"2016-10-26",8615.25
"2016-10-27",8615.25
"2016-10-28",8638
"2016-11-01",8626.25
"2016-11-02",8514
"2016-11-03",8484.950195
"2016-11-04",8433.75
"2016-11-07",8497.049805
"2016-11-08",8543.549805
"2016-11-09",8432
"2016-11-10",8525.75
"2016-11-11",8296.299805
"2016-11-15",8108.450195
"2016-11-16",8111.600098
"2016-11-17",8079.950195
"2016-11-18",8074.100098
"2016-11-21",7929.100098
"2016-11-22",8002.299805
"2016-11-23",8033.299805
"2016-11-24",7965.5
"2016-11-25",8114.299805
"2016-11-28",8126.899902
"2016-11-29",8142.149902
"2016-11-30",8224.5
"2016-12-01",8192.900391
"2016-12-02",8086.799805
"2016-12-05",8128.75
"2016-12-06",8143.149902
"2016-12-07",8102.049805
"2016-12-08",8246.849609
"2016-12-09",8261.75
"2016-12-12",8170.799805
"2016-12-13",8221.799805
"2016-12-14",8182.450195
"2016-12-15",8153.600098
"2016-12-16",8139.450195
"2016-12-19",8104.350098
"2016-12-20",8082.399902
"2016-12-21",8061.299805
"2016-12-22",7979.100098
"2016-12-23",7985.75
"2016-12-26",7908.25
"2016-12-27",8032.850098
"2016-12-28",8034.850098
"2016-12-29",8103.600098
"2016-12-30",8185.799805
"2017-01-02",8179.5
"2017-01-03",8192.25
"2017-01-04",8190.5
"2017-01-05",8273.799805
"2017-01-06",8243.799805
"2017-01-09",8236.049805
"2017-01-10",8288.599609
"2017-01-11",8380.650391
"2017-01-12",8407.200195
"2017-01-13",8400.349609
"2017-01-16",8412.799805
"2017-01-17",8398
"2017-01-18",8417
"2017-01-19",8435.099609
"2017-01-20",8349.349609
"2017-01-23",8391.5
"2017-01-24",8475.799805
"2017-01-25",8602.75
"2017-01-27",8641.25
"2017-01-30",8632.75
"2017-01-31",8561.299805
"2017-02-01",8716.400391
"2017-02-02",8734.25
"2017-02-03",8740.950195
"2017-02-06",8801.049805
"2017-02-07",8768.299805
"2017-02-08",8769.049805
"2017-02-09",8778.400391
"2017-02-10",8793.549805
"2017-02-13",8805.049805
"2017-02-14",8792.299805
"2017-02-15",8724.700195
"2017-02-16",8778
"2017-02-17",8821.700195
"2017-02-20",8879.200195
"2017-02-21",8907.849609
"2017-02-22",8926.900391
"2017-02-23",8939.5
"2017-02-27",8896.700195
"2017-02-28",8879.599609
"2017-03-01",8945.799805
"2017-03-02",8899.75
"2017-03-03",8897.549805
"2017-03-06",8963.450195
"2017-03-07",8946.900391
"2017-03-08",8924.299805
"2017-03-09",8927
"2017-03-10",8934.549805
"2017-03-14",9087
"2017-03-15",9084.799805
"2017-03-16",9153.700195
"2017-03-17",9160.049805
"2017-03-20",9126.849609
"2017-03-21",9121.5
"2017-03-22",9030.450195
"2017-03-23",9086.299805
"2017-03-24",9108
"2017-03-27",9045.200195
"2017-03-28",9100.799805
"2017-03-29",9143.799805
"2017-03-30",9173.75
"2017-03-31",9173.75
"2017-04-03",9237.849609
"2017-04-05",9265.150391
"2017-04-06",9261.950195
"2017-04-07",9198.299805
"2017-04-10",9181.450195
"2017-04-11",9237
"2017-04-12",9203.450195
"2017-04-13",9150.799805
"2017-04-17",9139.299805
"2017-04-18",9105.150391
"2017-04-19",9103.5
"2017-04-20",9136.400391
"2017-04-21",9119.400391
"2017-04-24",9217.950195
"2017-04-25",9306.599609
"2017-04-26",9351.849609
"2017-04-27",9342.150391
"2017-04-28",9304.049805
"2017-05-02",9313.799805
"2017-05-03",9311.950195
"2017-05-04",9359.900391
"2017-05-05",9285.299805
"2017-05-08",9314.049805
"2017-05-09",9316.849609
"2017-05-10",9407.299805
"2017-05-11",9422.400391
"2017-05-12",9400.900391
"2017-05-15",9445.400391
"2017-05-16",9512.25
"2017-05-17",9525.75
"2017-05-18",9429.450195
"2017-05-19",9427.900391
"2017-05-22",9438.25
"2017-05-23",9386.150391
"2017-05-24",9360.549805
"2017-05-25",9509.75
"2017-05-26",9595.099609
"2017-05-29",9604.900391
"2017-05-30",9624.549805
"2017-05-31",9621.25
"2017-06-01",9616.099609
"2017-06-02",9653.5
"2017-06-05",9675.099609
"2017-06-06",9637.150391
"2017-06-07",9663.900391
"2017-06-08",9647.25
"2017-06-09",9668.25
"2017-06-12",9616.400391
"2017-06-13",9606.900391
"2017-06-14",9618.150391
"2017-06-15",9578.049805
"2017-06-16",9588.049805
"2017-06-19",9657.549805
"2017-06-20",9653.5
"2017-06-21",9633.599609
"2017-06-22",9630
"2017-06-23",9574.950195
"2017-06-27",9511.400391
"2017-06-28",9491.25
"2017-06-29",9504.099609
"2017-06-30",9520.900391
"2017-07-03",9615
"2017-07-04",9613.299805
"2017-07-05",9637.599609
"2017-07-06",9674.549805
"2017-07-07",9665.799805
"2017-07-10",9771.049805
"2017-07-11",9786.049805
"2017-07-12",9816.099609
"2017-07-13",9891.700195
"2017-07-14",9886.349609
"2017-07-17",9915.950195
"2017-07-18",9827.150391
"2017-07-19",9899.599609
"2017-07-20",9873.299805
"2017-07-21",9915.25
"2017-07-24",9966.400391
"2017-07-25",9964.549805
"2017-07-26",10020.65039
"2017-07-27",10020.5498
"2017-07-28",10014.5
"2017-07-31",10077.09961
"2017-08-01",10114.65039
"2017-08-02",10081.5
"2017-08-03",10013.65039
"2017-08-04",10066.40039
"2017-08-07",10057.40039
"2017-08-08",9978.549805
"2017-08-09",9908.049805
"2017-08-10",9820.25
"2017-08-11",9710.799805
"2017-08-14",9794.150391
"2017-08-16",9897.299805
"2017-08-17",9904.150391
"2017-08-18",9837.400391
"2017-08-21",9754.349609
"2017-08-22",9765.549805
"2017-08-23",9852.5
"2017-08-24",9857.049805
"2017-08-28",9912.799805
"2017-08-29",9796.049805
"2017-08-30",9884.400391
"2017-08-31",9917.900391
"2017-09-01",9974.400391
"2017-09-04",9912.849609
"2017-09-05",9952.200195
"2017-09-06",9916.200195
"2017-09-07",9929.900391
"2017-09-08",9934.799805
"2017-09-11",10006.0498
"2017-09-12",10093.0498
"2017-09-13",10079.2998
"2017-09-14",10086.59961
"2017-09-15",10085.40039
"2017-09-18",10153.09961
"2017-09-19",10147.5498
"2017-09-20",10141.15039
"2017-09-21",10121.90039
"2017-09-22",9964.400391
"2017-09-25",9872.599609
"2017-09-26",9871.5
"2017-09-27",9735.75
"2017-09-28",9768.950195
"2017-09-29",9788.599609
"2017-10-03",9859.5
"2017-10-04",9914.900391
"2017-10-05",9888.700195
"2017-10-06",9979.700195
"2017-10-09",9988.75
"2017-10-10",10016.9502
"2017-10-11",9984.799805
"2017-10-12",10096.40039
"2017-10-13",10167.4502
"2017-10-16",10230.84961
"2017-10-17",10234.4502
"2017-10-18",10210.84961
"2017-10-19",10146.5498
"2017-10-23",10184.84961
"2017-10-24",10207.7002
"2017-10-25",10295.34961
"2017-10-26",10343.7998
"2017-10-27",10323.0498
"2017-10-30",10363.65039
"2017-10-31",10335.2998
"2017-11-01",10440.5
"2017-11-02",10423.7998
"2017-11-03",10452.5
"2017-11-06",10451.7998
"2017-11-07",10350.15039
"2017-11-08",10303.15039
"2017-11-09",10308.9502
"2017-11-10",10321.75
"2017-11-13",10224.9502
"2017-11-14",10186.59961
"2017-11-15",10118.0498
"2017-11-16",10214.75
"2017-11-17",10283.59961
"2017-11-20",10298.75
"2017-11-21",10326.90039
"2017-11-22",10342.2998
"2017-11-23",10348.75
"2017-11-24",10389.7002
"2017-11-27",10399.5498
"2017-11-28",10370.25
"2017-11-29",10361.2998
"2017-11-30",10226.5498
"2017-12-01",10121.7998
"2017-12-04",10127.75
"2017-12-05",10118.25
"2017-12-06",10044.09961
"2017-12-07",10166.7002
"2017-12-08",10265.65039
"2017-12-11",10322.25
"2017-12-12",10240.15039
"2017-12-13",10192.9502
"2017-12-14",10252.09961
"2017-12-15",10333.25
"2017-12-18",10388.75
"2017-12-19",10463.2002
"2017-12-20",10444.2002
"2017-12-21",10440.2998
"2017-12-22",10493
"2017-12-26",10531.5
"2017-12-27",10490.75
"2017-12-28",10477.90039
"2017-12-29",10530.7002
"2018-01-02",10442.2002
"2018-01-03",10443.2002
"2018-01-04",10504.7998
"2018-01-05",10558.84961
"2018-01-08",10623.59961
"2018-01-09",10637
"2018-01-10",10632.2002
"2018-01-11",10651.2002
"2018-01-12",10681.25
"2018-01-15",10741.5498
"2018-01-16",10700.4502
"2018-01-17",10788.5498
"2018-01-18",10817
"2018-01-19",10894.7002
"2018-01-22",10966.2002
"2018-01-23",11083.7002
"2018-01-24",11086
"2018-01-25",11069.65039
"2018-01-29",11130.40039
"2018-01-30",11049.65039
"2018-01-31",11027.7002
"2018-02-01",11016.90039
"2018-02-02",10760.59961
"2018-02-05",10666.5498
"2018-02-06",10498.25
"2018-02-07",10476.7002
"2018-02-08",10576.84961
"2018-02-09",10454.9502
"2018-02-12",10539.75
"2018-02-14",10500.90039
"2018-02-15",10545.5
"2018-02-16",10452.2998
"2018-02-19",10378.40039
"2018-02-20",10360.40039
"2018-02-21",10397.4502
"2018-02-22",10382.7002
"2018-02-23",10491.0498
"2018-02-26",10582.59961
"2018-02-27",10554.2998
"2018-02-28",10492.84961
"2018-03-01",10458.34961
"2018-03-05",10358.84961
"2018-03-06",10249.25
"2018-03-07",10154.2002
"2018-03-08",10242.65039
"2018-03-09",10226.84961
"2018-03-12",10421.40039
"2018-03-13",10426.84961
"2018-03-14",10410.90039
"2018-03-15",10360.15039
"2018-03-16",10195.15039
"2018-03-19",10094.25
"2018-03-20",10124.34961
"2018-03-21",10155.25
"2018-03-22",10114.75
"2018-03-23",9998.049805
"2018-03-26",10130.65039
"2018-03-27",10184.15039
"2018-03-28",10113.7002
"2018-04-02",10211.7998
"2018-04-03",10245
"2018-04-04",10128.40039
"2018-04-05",10325.15039
"2018-04-06",10331.59961
"2018-04-09",10379.34961
"2018-04-10",10402.25
"2018-04-11",10417.15039
"2018-04-12",10458.65039
"2018-04-13",10480.59961
"2018-04-16",10528.34961
"2018-04-17",10548.7002
"2018-04-18",10526.2002
"2018-04-19",10565.2998
"2018-04-20",10564.0498
"2018-04-23",10584.7002
"2018-04-24",10614.34961
"2018-04-25",10570.5498
"2018-04-26",10617.7998
"2018-04-27",10692.2998
"2018-04-30",10739.34961
"2018-05-02",10718.0498
"2018-05-03",10679.65039
"2018-05-04",10618.25
"2018-05-07",10715.5
"2018-05-08",10717.7998
"2018-05-09",10741.7002
"2018-05-10",10716.5498
"2018-05-11",10806.5
"2018-05-14",10806.59961
"2018-05-15",10801.84961
"2018-05-16",10741.09961
"2018-05-17",10682.7002
"2018-05-18",10596.40039
"2018-05-21",10516.7002
"2018-05-22",10536.7002
"2018-05-23",10430.34961
"2018-05-24",10513.84961
"2018-05-25",10605.15039
"2018-05-28",10688.65039
"2018-05-29",10633.2998
"2018-05-30",10614.34961
"2018-05-31",10736.15039
"2018-06-01",10696.2002
"2018-06-04",10628.5
"2018-06-05",10593.15039
"2018-06-06",10684.65039
"2018-06-07",10768.34961
"2018-06-08",10767.65039
"2018-06-11",10786.9502
"2018-06-12",10842.84961
"2018-06-13",10856.7002
"2018-06-14",10808.0498
"2018-06-15",10817.7002
"2018-06-18",10799.84961
"2018-06-19",10710.4502
"2018-06-20",10772.0498
"2018-06-21",10741.09961
"2018-06-22",10821.84961
"2018-06-25",10762.4502
"2018-06-26",10769.15039
"2018-06-27",10671.40039
"2018-06-28",10589.09961
"2018-06-29",10714.2998
"2018-07-02",10657.2998
"2018-07-03",10699.90039
"2018-07-04",10769.90039
"2018-07-05",10749.75
"2018-07-06",10772.65039
"2018-07-09",10852.90039
"2018-07-10",10947.25
"2018-07-11",10948.2998
"2018-07-12",11023.2002
"2018-07-13",11018.90039
"2018-07-16",10936.84961
"2018-07-17",11008.0498
"2018-07-18",10980.4502
"2018-07-19",10957.09961
"2018-07-20",11010.2002
"2018-07-23",11084.75
"2018-07-24",11134.2998
"2018-07-25",11132
"2018-07-26",11167.2998
"2018-07-27",11278.34961
"2018-07-30",11319.5498
"2018-07-31",11356.5
"2018-08-01",11346.2002
"2018-08-02",11244.7002
"2018-08-03",11360.7998
"2018-08-06",11387.09961
"2018-08-07",11389.4502
"2018-08-08",11450
"2018-08-09",11470.7002
"2018-08-10",11429.5
"2018-08-13",11355.75
"2018-08-14",11435.09961
"2018-08-16",11385.0498
"2018-08-17",11470.75
"2018-08-20",11551.75
"2018-08-21",11570.90039
"2018-08-23",11582.75
"2018-08-24",11557.09961
"2018-08-27",11691.9502
"2018-08-28",11738.5
"2018-08-29",11691.90039
"2018-08-30",11676.7998
"2018-08-31",11680.5
"2018-09-03",11582.34961
"2018-09-04",11520.2998
"2018-09-05",11476.9502
"2018-09-06",11536.90039
"2018-09-07",11589.09961
"2018-09-10",11438.09961
"2018-09-11",11287.5
"2018-09-12",11369.90039
"2018-09-14",11515.2002
"2018-09-17",11377.75
"2018-09-18",11278.90039
"2018-09-19",11234.34961
"2018-09-21",11143.09961
"2018-09-24",10967.40039
"2018-09-25",11067.4502
"2018-09-26",11053.7998
"2018-09-27",10977.5498
"2018-09-28",10930.4502
"2018-10-01",11008.2998
"2018-10-03",10858.25
"2018-10-04",10599.25
"2018-10-05",10316.4502
"2018-10-08",10348.0498
"2018-10-09",10301.0498
"2018-10-10",10460.09961
"2018-10-11",10234.65039
"2018-10-12",10472.5
"2018-10-15",10512.5
"2018-10-16",10584.75
"2018-10-17",10453.0498
"2018-10-19",10303.5498
"2018-10-22",10245.25
"2018-10-23",10146.7998
"2018-10-24",10224.75
"2018-10-25",10124.90039
"2018-10-26",10030
"2018-10-29",10250.84961
"2018-10-30",10198.40039
"2018-10-31",10386.59961
"2018-11-01",10380.4502
"2018-11-02",10553
"2018-11-05",10524
"2018-11-06",10530
"2018-11-07",10598.40039
"2018-11-09",10585.2002
"2018-11-12",10482.2002
"2018-11-13",10582.5
"2018-11-14",10576.2998
"2018-11-15",10616.7002
"2018-11-16",10682.2002
"2018-11-19",10763.40039
"2018-11-20",10656.2002
"2018-11-21",10600.0498
"2018-11-22",10526.75
"2018-11-26",10628.59961
"2018-11-27",10685.59961
"2018-11-28",10728.84961
"2018-11-29",10858.7002
"2018-11-30",10876.75
"2018-12-03",10883.75
"2018-12-04",10869.5
"2018-12-05",10782.90039
"2018-12-06",10601.15039
"2018-12-07",10693.7002
"2018-12-10",10488.4502
"2018-12-11",10549.15039
"2018-12-12",10737.59961
"2018-12-13",10791.5498
"2018-12-14",10805.4502
"2018-12-17",10888.34961
"2018-12-18",10908.7002
"2018-12-19",10967.2998
"2018-12-20",10951.7002
"2018-12-21",10754
"2018-12-24",10663.5
"2018-12-26",10729.84961
"2018-12-27",10779.7998
"2018-12-28",10859.90039
"2018-12-31",10862.5498
"2019-01-02",10792.5
"2019-01-03",10672.25
"2019-01-04",10727.34961
"2019-01-07",10771.7998
"2019-01-08",10802.15039
"2019-01-09",10855.15039
"2019-01-10",10821.59961
"2019-01-11",10794.9502
"2019-01-14",10737.59961
"2019-01-15",10886.7998
"2019-01-16",10890.2998
"2019-01-17",10905.2002
"2019-01-18",10906.9502
"2019-01-21",10961.84961
"2019-01-22",10922.75
"2019-01-23",10831.5
"2019-01-24",10849.7998
"2019-01-25",10780.5498
"2019-01-28",10661.5498
"2019-01-29",10652.2002
"2019-01-30",10651.7998
"2019-01-31",10830.9502
"2019-02-01",10893.65039
"2019-02-04",10912.25
"2019-02-05",10934.34961
"2019-02-06",11062.4502
"2019-02-07",11069.40039
"2019-02-08",10943.59961
"2019-02-11",10888.7998
"2019-02-12",10831.40039
"2019-02-14",10746.0498
"2019-02-15",10724.40039
"2019-02-18",10640.9502
"2019-02-19",10604.34961
"2019-02-20",10735.4502
"2019-02-21",10789.84961
"2019-02-22",10791.65039
"2019-02-25",10880.09961
"2019-02-26",10835.2998
"2019-02-27",10806.65039
"2019-02-28",10792.5
"2019-03-01",10863.5
"2019-03-05",10987.4502
"2019-03-06",11053
"2019-03-07",11058.2002
"2019-03-08",11035.40039
"2019-03-11",11168.0498
"2019-03-12",11301.2002
"2019-03-13",11341.7002
"2019-03-14",11343.25
"2019-03-15",11426.84961
"2019-03-18",11462.2002
"2019-03-19",11532.40039
"2019-03-20",11521.0498
"2019-03-22",11456.90039
"2019-03-25",11354.25
"2019-03-26",11483.25
"2019-03-27",11445.0498
"2019-03-28",11570
"2019-04-01",11669.15039
"2019-04-02",11713.2002
"2019-04-03",11643.9502
"2019-04-04",11598
"2019-04-05",11665.9502
"2019-04-08",11604.5
"2019-04-09",11671.9502
"2019-04-10",11584.2998
"2019-04-11",11596.7002
"2019-04-12",11643.4502
"2019-04-15",11690.34961
"2019-04-16",11787.15039
"2019-04-18",11752.7998
"2019-04-22",11594.4502
"2019-04-23",11575.9502
"2019-04-24",11726.15039
"2019-04-25",11641.7998
"2019-04-26",11754.65039
"2019-04-30",11748.15039
"2019-05-02",11724.75
"2019-05-03",11712.25
"2019-05-06",11598.25
"2019-05-07",11497.90039
"2019-05-08",11359.4502
"2019-05-09",11301.7998
"2019-05-10",11278.90039
"2019-05-13",11148.2002
"2019-05-14",11222.0498
"2019-05-15",11157
"2019-05-16",11257.09961
"2019-05-17",11407.15039
"2019-05-20",11828.25
"2019-05-21",11709.09961
"2019-05-22",11737.90039
"2019-05-23",11657.0498
"2019-05-24",11844.09961
"2019-05-27",11924.75
"2019-05-28",11928.75
"2019-05-29",11861.09961
"2019-05-30",11945.90039
"2019-05-31",11922.7998
"2019-06-03",12088.5498
"2019-06-04",12021.65039
"2019-06-06",11843.75
"2019-06-07",11870.65039
"2019-06-10",11922.7002
"2019-06-11",11965.59961
"2019-06-12",11906.2002
"2019-06-13",11914.0498
"2019-06-14",11823.2998
"2019-06-17",11672.15039
"2019-06-18",11691.5
"2019-06-19",11691.4502
"2019-06-20",11831.75
"2019-06-21",11724.09961
"2019-06-24",11699.65039
"2019-06-25",11796.4502
"2019-06-26",11847.5498
"2019-06-27",11841.5498
"2019-06-28",11788.84961
"2019-07-01",11865.59961
"2019-07-02",11910.2998
"2019-07-03",11916.75
"2019-07-04",11946.75
"2019-07-05",11811.15039
"2019-07-08",11558.59961
"2019-07-09",11555.90039
"2019-07-10",11498.90039
"2019-07-11",11582.90039
"2019-07-12",11552.5
"2019-07-15",11588.34961
"2019-07-16",11662.59961
"2019-07-17",11687.5
"2019-07-18",11596.90039
"2019-07-19",11419.25
"2019-07-22",11346.2002
"2019-07-23",11331.0498
"2019-07-24",11271.2998
"2019-07-25",11252.15039
"2019-07-26",11284.2998
"2019-07-29",11189.2002
"2019-07-30",11085.40039
"2019-07-31",11118
"2019-08-01",10980
"2019-08-02",10997.34961
"2019-08-05",10862.59961
"2019-08-06",10948.25
"2019-08-07",10855.5
"2019-08-08",11032.4502
"2019-08-09",11109.65039
"2019-08-13",10925.84961
"2019-08-14",11029.40039
"2019-08-16",11047.7998
"2019-08-19",11053.90039
"2019-08-20",11017
"2019-08-21",10918.7002
"2019-08-22",10741.34961
"2019-08-23",10829.34961
"2019-08-26",11057.84961
"2019-08-27",11105.34961
"2019-08-28",11046.09961
"2019-08-29",10948.2998
"2019-08-30",11023.25
"2019-09-03",10797.90039
"2019-09-04",10844.65039
"2019-09-05",10847.90039
"2019-09-06",10946.2002
"2019-09-09",11003.0498
"2019-09-11",11035.7002
"2019-09-12",10982.7998
"2019-09-13",11075.90039
"2019-09-16",11003.5
"2019-09-17",10817.59961
"2019-09-18",10840.65039
"2019-09-19",10704.7998
"2019-09-20",11274.2002
"2019-09-23",11600.2002
"2019-09-24",11588.2002
"2019-09-25",11440.2002
"2019-09-26",11571.2002
"2019-09-27",11512.40039
"2019-09-30",11474.4502
"2019-10-01",11359.90039
"2019-10-03",11314
"2019-10-04",11174.75
"2019-10-07",11126.40039
"2019-10-09",11313.2998
"2019-10-10",11234.5498
"2019-10-11",11305.0498
"2019-10-14",11341.15039
"2019-10-15",11428.2998
"2019-10-16",11464
"2019-10-17",11586.34961
"2019-10-18",11661.84961
"2019-10-22",11588.34961
"2019-10-23",11604.09961
"2019-10-24",11582.59961
"2019-10-25",11583.90039
"2019-10-29",11786.84961
"2019-10-30",11844.09961
"2019-10-31",11877.4502
"2019-11-01",11890.59961
"2019-11-04",11941.2998
"2019-11-05",11917.2002
"2019-11-06",11966.0498
"2019-11-07",12012.0498
"2019-11-08",11908.15039
"2019-11-11",11913.4502
"2019-11-13",11840.4502
"2019-11-14",11872.09961
"2019-11-15",11895.4502
"2019-11-18",11884.5
"2019-11-19",11940.09961
"2019-11-20",11999.09961
"2019-11-21",11968.40039
"2019-11-22",11914.40039
"2019-11-25",12073.75
"2019-11-26",12037.7002
"2019-11-27",12100.7002
"2019-11-28",12151.15039
"2019-11-29",12056.0498
"2019-12-02",12048.2002
"2019-12-03",11994.2002
"2019-12-04",12043.2002
"2019-12-05",12018.40039
"2019-12-06",11921.5
"2019-12-09",11937.5
"2019-12-10",11856.7998
"2019-12-11",11910.15039
"2019-12-12",11971.7998
"2019-12-13",12086.7002
"2019-12-16",12053.9502
"2019-12-17",12165
"2019-12-18",12221.65039
"2019-12-19",12259.7002
"2019-12-20",12271.7998
"2019-12-23",12262.75
"2019-12-24",12214.5498
"2019-12-26",12126.5498
"2019-12-27",12245.7998
"2019-12-30",12255.84961
"2019-12-31",12168.4502
"2020-01-01",12182.5
"2020-01-02",12282.2002
"2020-01-03",12226.65039
"2020-01-06",11993.0498
"2020-01-07",12052.9502
"2020-01-08",12025.34961
"2020-01-09",12215.90039
"2020-01-10",12256.7998
"2020-01-13",12329.5498
"2020-01-14",12362.2998
"2020-01-15",12343.2998
"2020-01-16",12355.5
"2020-01-17",12352.34961
"2020-01-20",12224.5498
"2020-01-21",12169.84961
"2020-01-22",12106.90039
"2020-01-23",12180.34961
"2020-01-24",12248.25
"2020-01-27",12119
"2020-01-28",12055.7998
"2020-01-29",12129.5
"2020-01-30",12035.7998
"2020-01-31",11962.09961
"2020-02-03",11707.90039
"2020-02-04",11979.65039
"2020-02-05",12089.15039
"2020-02-06",12137.9502
"2020-02-07",12098.34961
"2020-02-10",12031.5
"2020-02-11",12107.90039
"2020-02-12",12201.2002
"2020-02-13",12174.65039
"2020-02-14",12113.4502
"2020-02-17",12045.7998
"2020-02-18",11992.5
"2020-02-19",12125.90039
"2020-02-20",12080.84961
"2020-02-24",11829.40039
"2020-02-25",11797.90039
"2020-02-26",11678.5
"2020-02-27",11633.2998
"2020-02-28",11201.75
"2020-03-02",11132.75
"2020-03-03",11303.2998
"2020-03-04",11251
"2020-03-05",11269
"2020-03-06",10989.4502
"2020-03-09",10451.4502
"2020-03-11",10458.40039
"2020-03-12",9590.150391
"2020-03-13",9955.200195
"2020-03-16",9197.400391
"2020-03-17",8967.049805
"2020-03-18",8468.799805
"2020-03-19",8263.450195
"2020-03-20",8745.450195
"2020-03-23",7610.25
"2020-03-24",7801.049805
"2020-03-25",8317.849609
"2020-03-26",8641.450195
"2020-03-27",8660.25
"2020-03-30",8281.099609
"2020-03-31",8597.75
"2020-04-01",8253.799805
"2020-04-03",8083.799805
"2020-04-07",8792.200195
"2020-04-08",8748.75
"2020-04-09",9111.900391
"2020-04-13",8993.849609
"2020-04-15",8925.299805
"2020-04-16",8992.799805
"2020-04-17",9266.75
"2020-04-20",9261.849609
"2020-04-21",8981.450195
"2020-04-22",9187.299805
"2020-04-23",9313.900391
"2020-04-24",9154.400391
"2020-04-27",9282.299805
"2020-04-28",9380.900391
"2020-04-29",9553.349609
"2020-04-30",9859.900391
"2020-05-04",9293.5
"2020-05-05",9205.599609
"2020-05-06",9270.900391
"2020-05-07",9199.049805
"2020-05-08",9251.5
"2020-05-11",9239.200195
"2020-05-12",9196.549805
"2020-05-13",9383.549805
"2020-05-14",9142.75
"2020-05-15",9136.849609
"2020-05-18",8823.25
"2020-05-19",8879.099609
"2020-05-20",9066.549805
"2020-05-21",9106.25
"2020-05-22",9039.25
"2020-05-26",9029.049805
"2020-05-27",9314.950195
"2020-05-28",9490.099609
"2020-05-29",9580.299805
"2020-06-01",9826.150391
"2020-06-02",9979.099609
"2020-06-03",10061.5498
"2020-06-04",10029.09961
"2020-06-05",10142.15039
"2020-06-08",10167.4502
"2020-06-09",10046.65039
"2020-06-10",10116.15039
"2020-06-11",9902
"2020-06-12",9972.900391
"2020-06-15",9813.700195
"2020-06-16",9914
"2020-06-17",9881.150391
"2020-06-18",10091.65039
"2020-06-19",10244.40039
"2020-06-22",10311.2002
"2020-06-23",10471
"2020-06-24",10305.2998
"2020-06-25",10288.90039
"2020-06-26",10383
"2020-06-29",10312.40039
"2020-06-30",10302.09961
"2020-07-01",10430.0498
"2020-07-02",10551.7002
"2020-07-03",10607.34961
"2020-07-06",10763.65039
"2020-07-07",10799.65039
"2020-07-08",10705.75
"2020-07-09",10813.4502
"2020-07-10",10768.0498
"2020-07-13",10802.7002
"2020-07-14",10607.34961
"2020-07-15",10618.2002
"2020-07-16",10739.9502
"2020-07-17",10901.7002
"2020-07-20",11022.2002
"2020-07-21",11162.25
"2020-07-22",11132.59961
"2020-07-23",11215.4502
"2020-07-24",11194.15039
"2020-07-27",11131.7998
"2020-07-28",11300.5498
"2020-07-29",11202.84961
"2020-07-30",11102.15039
"2020-07-31",11073.4502
"2020-08-03",10891.59961
"2020-08-04",11095.25
"2020-08-05",11101.65039
"2020-08-06",11200.15039
"2020-08-07",11214.0498
"2020-08-10",11270.15039
"2020-08-11",11322.5
"2020-08-12",11308.40039
"2020-08-13",11300.4502
"2020-08-14",11178.40039
"2020-08-17",11247.09961
"2020-08-18",11385.34961
"2020-08-19",11408.40039
"2020-08-20",11312.2002
"2020-08-21",11371.59961
"2020-08-24",11466.4502
"2020-08-25",11472.25
"2020-08-26",11549.59961
"2020-08-27",11559.25
"2020-08-28",11647.59961
"2020-08-31",11387.5
"2020-09-01",11470.25
"2020-09-02",11535
"2020-09-03",11527.4502
"2020-09-04",11333.84961
"2020-09-07",11355.0498
"2020-09-08",11317.34961
"2020-09-09",11278
"2020-09-10",11449.25
"2020-09-11",11464.4502
"2020-09-14",11440.0498
"2020-09-15",11521.7998
"2020-09-16",11604.5498
"2020-09-17",11516.09961
"2020-09-18",11504.9502
"2020-09-21",11250.5498
"2020-09-22",11153.65039
"2020-09-23",11131.84961
"2020-09-24",10805.5498
"2020-09-25",11050.25
"2020-09-28",11227.5498
"2020-09-29",11222.40039
"2020-09-30",11247.5498
"2020-10-01",11416.9502
"2020-10-05",11503.34961
"2020-10-06",11662.40039
"2020-10-07",11738.84961
"2020-10-08",11834.59961
"2020-10-09",11914.2002
"2020-10-12",11930.9502
"2020-10-13",11934.5
"2020-10-14",11971.0498
"2020-10-15",11680.34961
"2020-10-16",11762.4502
"2020-10-19",11873.0498
"2020-10-20",11896.7998
"2020-10-21",11937.65039
"2020-10-22",11896.4502
"2020-10-23",11930.34961
"2020-10-26",11767.75
"2020-10-27",11889.40039
"2020-10-28",11729.59961
"2020-10-29",11670.7998
"2020-10-30",11642.40039
"2020-11-02",11669.15039
"2020-11-03",11813.5
"2020-11-04",11908.5
"2020-11-05",12120.2998
"2020-11-06",12263.5498
"2020-11-09",12461.0498
"2020-11-10",12631.09961
"2020-11-11",12749.15039
"2020-11-12",12690.7998
"2020-11-13",12719.9502
"2020-11-17",12874.2002
"2020-11-18",12938.25
"2020-11-19",12771.7002
"2020-11-20",12859.0498
"2020-11-23",12926.4502
"2020-11-24",13055.15039
"2020-11-25",12858.40039
"2020-11-26",12987
"2020-11-27",12968.9502
"2020-12-01",13109.0498
"2020-12-02",13113.75
"2020-12-03",13133.90039
"2020-12-04",13258.5498
"2020-12-07",13355.75
"2020-12-08",13392.9502
"2020-12-09",13529.09961
"2020-12-10",13478.2998
"2020-12-11",13513.84961
"2020-12-14",13558.15039
"2020-12-15",13567.84961
"2020-12-16",13682.7002
"2020-12-17",13740.7002
"2020-12-18",13760.5498
"2020-12-21",13328.40039
"2020-12-22",13466.2998
"2020-12-23",13601.09961
"2020-12-24",13749.25
"2020-12-28",13873.2002
"2020-12-29",13932.59961
"2020-12-30",13981.9502
"2020-12-31",13981.75
"2021-01-01",14018.5
"2021-01-04",14132.90039
"2021-01-05",14199.5
"2021-01-06",14146.25
"2021-01-07",14137.34961
"2021-01-08",14347.25
"2021-01-11",14484.75
"2021-01-12",14563.4502
"2021-01-13",14564.84961
"2021-01-14",14595.59961
"2021-01-15",14433.7002
"2021-01-18",14281.2998
"2021-01-19",14521.15039
"2021-01-20",14644.7002
"2021-01-21",14590.34961
"2021-01-22",14371.90039
"2021-01-25",14238.90039
"2021-01-27",13967.5
"2021-01-28",13817.5498
"2021-01-29",13634.59961
"2021-02-01",14281.2002
"2021-02-02",14647.84961
"2021-02-03",14789.9502
"2021-02-04",14895.65039
"2021-02-05",14924.25
"2021-02-08",15115.7998
"2021-02-09",15109.2998
"2021-02-10",15106.5
"2021-02-11",15173.2998
"2021-02-12",15163.2998
"2021-02-15",15314.7002
"2021-02-16",15313.4502
"2021-02-17",15208.90039
"2021-02-18",15118.9502
"2021-02-19",14981.75
"2021-02-22",14675.7002
"2021-02-23",14707.7998
"2021-02-24",14982
"2021-02-25",15097.34961
"2021-02-26",14529.15039
"2021-03-01",14761.5498
"2021-03-02",14919.09961
"2021-03-03",15245.59961
"2021-03-04",15080.75
"2021-03-05",14938.09961
"2021-03-08",14956.2002
"2021-03-09",15098.40039
"2021-03-10",15174.7998
"2021-03-12",15030.9502
"2021-03-15",14929.5
"2021-03-16",14910.4502
"2021-03-17",14721.2998
"2021-03-18",14557.84961
"2021-03-19",14744
"2021-03-22",14736.40039
"2021-03-23",14814.75
"2021-03-24",14549.40039
"2021-03-25",14324.90039
"2021-03-26",14507.2998
"2021-03-30",14845.09961
"2021-03-31",14690.7002
"2021-04-01",14867.34961
"2021-04-05",14637.7998
"2021-04-06",14683.5
"2021-04-07",14819.0498
"2021-04-08",14873.7998
"2021-04-09",14834.84961
"2021-04-12",14310.7998
"2021-04-13",14504.7998
"2021-04-15",14581.4502
"2021-04-16",14617.84961
"2021-04-19",14359.4502
"2021-04-20",14296.40039
"2021-04-22",14406.15039
"2021-04-23",14341.34961
"2021-04-26",14485
"2021-04-27",14653.0498
"2021-04-28",14864.5498
"2021-04-29",14894.90039
"2021-04-30",14631.09961
"2021-05-03",14634.15039
"2021-05-04",14496.5
"2021-05-05",14617.84961
"2021-05-06",14724.7998
"2021-05-07",14823.15039
"2021-05-10",14942.34961
"2021-05-11",14850.75
"2021-05-12",14696.5
"2021-05-14",14677.7998
"2021-05-17",14923.15039
"2021-05-18",15108.09961
"2021-05-19",15030.15039
"2021-05-20",14906.0498
"2021-05-21",15175.2998
"2021-05-24",15197.7002
"2021-05-25",15208.4502
"2021-05-26",15301.4502
"2021-05-27",15337.84961
"2021-05-28",15435.65039
"2021-05-31",15582.7998
"2021-06-01",15574.84961
"2021-06-02",15576.2002
"2021-06-03",15690.34961
"2021-06-04",15670.25
"2021-06-07",15751.65039
"2021-06-08",15740.09961
"2021-06-09",15635.34961
"2021-06-10",15737.75
"2021-06-11",15799.34961
"2021-06-14",15811.84961
"2021-06-15",15869.25
"2021-06-16",15767.5498
"2021-06-17",15691.40039
"2021-06-18",15683.34961
"2021-06-21",15746.5
"2021-06-22",15772.75
"2021-06-23",15686.9502
"2021-06-24",15790.4502
"2021-06-25",15860.34961
"2021-06-28",15814.7002
"2021-06-29",15748.4502
"2021-06-30",15721.5
"2021-07-01",15680
"2021-07-02",15722.2002
"2021-07-05",15834.34961
"2021-07-06",15818.25
"2021-07-07",15879.65039
"2021-07-08",15727.90039
"2021-07-09",15689.7998
"2021-07-12",15692.59961
"2021-07-13",15812.34961
"2021-07-14",15853.9502
"2021-07-15",15924.2002
"2021-07-16",15923.40039
"2021-07-19",15752.40039
"2021-07-20",15632.09961
"2021-07-22",15824.0498
"2021-07-23",15856.0498
"2021-07-26",15824.4502
"2021-07-27",15746.4502
"2021-07-28",15709.40039
"2021-07-29",15778.4502
"2021-07-30",15763.0498
"2021-08-02",15885.15039
"2021-08-03",16130.75
"2021-08-04",16258.7998
"2021-08-05",16294.59961
"2021-08-06",16238.2002
"2021-08-09",16258.25
"2021-08-10",16280.09961
"2021-08-11",16282.25
"2021-08-12",16364.40039
"2021-08-13",16529.09961
"2021-08-16",16563.05078
"2021-08-17",16614.59961
"2021-08-18",16568.84961
"2021-08-20",16450.5
"2021-08-23",16496.44922
"2021-08-24",16624.59961
"2021-08-25",16634.65039
"2021-08-26",16636.90039
"2021-08-27",16705.19922
"2021-08-30",16931.05078
"2021-08-31",17132.19922
"2021-09-01",17076.25
"2021-09-02",17234.15039
"2021-09-03",17323.59961
"2021-09-06",17377.80078
"2021-09-07",17362.09961
"2021-09-08",17353.5
"2021-09-09",17369.25
"2021-09-13",17355.30078
"2021-09-14",17380
"2021-09-15",17519.44922
"2021-09-16",17629.5
"2021-09-17",17585.15039
"2021-09-20",17396.90039
"2021-09-21",17562
"2021-09-22",17546.65039
"2021-09-23",17822.94922
"2021-09-24",17853.19922
"2021-09-27",17855.09961
"2021-09-28",17748.59961
"2021-09-29",17711.30078
"2021-09-30",17618.15039
"2021-10-01",17532.05078
"2021-10-04",17691.25
"2021-10-05",17822.30078
"2021-10-06",17646
"2021-10-07",17790.34961
"2021-10-08",17895.19922
"2021-10-11",17945.94922
"2021-10-12",17991.94922
"2021-10-13",18161.75
"2021-10-14",18338.55078
"2021-10-18",18477.05078
"2021-10-19",18418.75
"2021-10-20",18266.59961
"2021-10-21",18178.09961
"2021-10-22",18114.90039
"2021-10-25",18125.40039
"2021-10-26",18268.40039
"2021-10-27",18210.94922
"2021-10-28",17857.25
"2021-10-29",17671.65039
"2021-11-01",17929.65039
"2021-11-02",17888.94922
"2021-11-03",17829.19922
"2021-11-04",17916.80078
"2021-11-08",18068.55078
"2021-11-09",18044.25
"2021-11-10",18017.19922
"2021-11-11",17873.59961
"2021-11-12",18102.75
"2021-11-15",18109.44922
"2021-11-16",17999.19922
"2021-11-17",17898.65039
"2021-11-18",17764.80078
"2021-11-22",17416.55078
"2021-11-23",17503.34961
"2021-11-24",17415.05078
"2021-11-25",17536.25
"2021-11-26",17026.44922
"2021-11-29",17053.94922
"2021-11-30",16983.19922
"2021-12-01",17166.90039
"2021-12-02",17401.65039
"2021-12-03",17196.69922
"2021-12-06",16912.25
"2021-12-07",17176.69922
"2021-12-08",17469.75
"2021-12-09",17516.84961
"2021-12-10",17511.30078
"2021-12-13",17368.25
"2021-12-14",17324.90039
"2021-12-15",17221.40039
"2021-12-16",17248.40039
"2021-12-17",16985.19922
"2021-12-20",16614.19922
"2021-12-21",16770.84961
"2021-12-22",16955.44922
"2021-12-23",17072.59961
"2021-12-24",17003.75
"2021-12-27",17086.25
"2021-12-28",17233.25
"2021-12-29",17213.59961
"2021-12-30",17203.94922
"2021-12-31",17354.05078
"2022-01-03",17625.69922
"2022-01-04",17805.25
"2022-01-05",17925.25
"2022-01-06",17745.90039
"2022-01-07",17812.69922
"2022-01-10",18003.30078
"2022-01-11",18055.75
"2022-01-12",18212.34961
"2022-01-13",18257.80078
"2022-01-14",18255.75
"2022-01-17",18308.09961
"2022-01-18",18113.05078
"2022-01-19",17938.40039
"2022-01-20",17757
"2022-01-21",17617.15039
"2022-01-24",17149.09961
"2022-01-25",17277.94922
"2022-01-27",17110.15039
"2022-01-28",17101.94922
"2022-01-31",17339.84961
"2022-02-01",17576.84961
"2022-02-02",17780
"2022-02-03",17560.19922
"2022-02-04",17516.30078
"2022-02-07",17213.59961
"2022-02-08",17266.75
"2022-02-09",17463.80078
"2022-02-10",17605.84961
"2022-02-11",17374.75
"2022-02-14",16842.80078
"2022-02-15",17352.44922
"2022-02-16",17322.19922
"2022-02-17",17304.59961
"2022-02-18",17276.30078
"2022-02-21",17206.65039
"2022-02-22",17092.19922
"2022-02-23",17063.25
"2022-02-24",16247.9502
"2022-02-25",16658.40039
"2022-02-28",16793.90039
"2022-03-02",16605.94922
"2022-03-03",16498.05078
"2022-03-04",16245.34961
"2022-03-07",15863.15039
"2022-03-08",16013.4502
"2022-03-09",16345.34961
"2022-03-10",16594.90039
"2022-03-11",16630.44922
"2022-03-14",16871.30078
"2022-03-15",16663
"2022-03-16",16975.34961
"2022-03-17",17287.05078
"2022-03-21",17117.59961
"2022-03-22",17315.5
"2022-03-23",17245.65039
"2022-03-24",17222.75
"2022-03-25",17153
"2022-03-28",17222
"2022-03-29",17325.30078
"2022-03-30",17498.25
"2022-03-31",17464.75
"2022-04-01",17670.44922
"2022-04-04",18053.40039
"2022-04-05",17957.40039
"2022-04-06",17807.65039
"2022-04-07",17639.55078
"2022-04-08",17784.34961
"2022-04-11",17674.94922
"2022-04-12",17530.30078
"2022-04-13",17475.65039
"2022-04-18",17173.65039
"2022-04-19",16958.65039
"2022-04-20",17136.55078
"2022-04-21",17392.59961
"2022-04-22",17171.94922
"2022-04-25",16953.94922
"2022-04-26",17200.80078
"2022-04-27",17038.40039
"2022-04-28",17245.05078
"2022-04-29",17102.55078
"2022-05-02",17069.09961
"2022-05-04",16677.59961
"2022-05-05",16682.65039
"2022-05-06",16411.25
"2022-05-09",16301.84961
"2022-05-10",16240.0498
"2022-05-11",16167.09961
"2022-05-12",15808
"2022-05-13",15782.15039
"2022-05-16",15842.2998
"2022-05-17",16259.2998
"2022-05-18",16240.2998
"2022-05-19",15809.40039
"2022-05-20",16266.15039
"2022-05-23",16214.7002
"2022-05-24",16125.15039
"2022-05-25",16025.7998
"2022-05-26",16170.15039
"2022-05-27",16352.4502
"2022-05-30",16661.40039
"2022-05-31",16584.55078
"2022-06-01",16522.75
"2022-06-02",16628
"2022-06-03",16584.30078
"2022-06-06",16569.55078
"2022-06-07",16416.34961
"2022-06-08",16356.25
"2022-06-09",16478.09961
"2022-06-10",16201.7998
"2022-06-13",15774.40039
"2022-06-14",15732.09961
"2022-06-15",15692.15039
"2022-06-16",15360.59961
"2022-06-17",15293.5
"2022-06-20",15350.15039
"2022-06-21",15638.7998
"2022-06-22",15413.2998
"2022-06-23",15556.65039
"2022-06-24",15699.25
"2022-06-27",15832.0498
"2022-06-28",15850.2002
"2022-06-29",15799.09961
"2022-06-30",15780.25
"2022-07-01",15752.0498
"2022-07-04",15835.34961
"2022-07-05",15810.84961
"2022-07-06",15989.7998
"2022-07-07",16132.90039
"2022-07-08",16220.59961
"2022-07-11",16216
"2022-07-12",16058.2998
"2022-07-13",15966.65039
"2022-07-14",15938.65039
"2022-07-15",16049.2002
"2022-07-18",16278.5
"2022-07-19",16340.5498
"2022-07-20",16520.84961
"2022-07-21",16605.25
"2022-07-22",16719.44922
"2022-07-25",16631
"2022-07-26",16483.84961
"2022-07-27",16641.80078
"2022-07-28",16929.59961
"2022-07-29",17158.25
"2022-08-01",17340.05078
"2022-08-02",17345.44922
"2022-08-03",17388.15039
"2022-08-04",17382
"2022-08-05",17397.5
"2022-08-08",17525.09961
"2022-08-10",17534.75
"2022-08-11",17659
"2022-08-12",17698.15039
"2022-08-16",17825.25
"2022-08-17",17944.25
"2022-08-18",17956.5
"2022-08-19",17758.44922
"2022-08-22",17490.69922
"2022-08-23",17577.5
"2022-08-24",17604.94922
"2022-08-25",17522.44922
"2022-08-26",17558.90039
"2022-08-29",17312.90039
"2022-08-30",17759.30078
"2022-09-01",17542.80078
"2022-09-02",17539.44922
"2022-09-05",17665.80078
"2022-09-06",17655.59961
"2022-09-07",17624.40039
"2022-09-08",17798.75
"2022-09-09",17833.34961
"2022-09-12",17936.34961
"2022-09-13",18070.05078
"2022-09-14",18003.75
"2022-09-15",17877.40039
"2022-09-16",17530.84961
"2022-09-19",17622.25
"2022-09-20",17816.25
"2022-09-21",17718.34961
"2022-09-22",17629.80078
"2022-09-23",17327.34961
"2022-09-26",17016.30078
"2022-09-27",17007.40039
"2022-09-28",16858.59961
"2022-09-29",16818.09961
"2022-09-30",17094.34961
"2022-10-03",16887.34961
"2022-10-04",17274.30078
"2022-10-06",17331.80078
"2022-10-07",17314.65039
"2022-10-10",17241
"2022-10-11",16983.55078
"2022-10-12",17123.59961
"2022-10-13",17014.34961
"2022-10-14",17185.69922
"2022-10-17",17311.80078
"2022-10-18",17486.94922
"2022-10-19",17512.25
"2022-10-20",17563.94922
"2022-10-21",17576.30078
"2022-10-24",17730.75
"2022-10-25",17656.34961
"2022-10-27",17736.94922
"2022-10-28",17786.80078
"2022-10-31",18012.19922
"2022-11-01",18145.40039
"2022-11-02",18082.84961
"2022-11-03",18052.69922
"2022-11-04",18117.15039
"2022-11-07",18202.80078
"2022-11-09",18157
"2022-11-10",18028.19922
"2022-11-11",18349.69922
"2022-11-14",18329.15039
"2022-11-15",18403.40039
"2022-11-16",18409.65039
"2022-11-17",18343.90039
"2022-11-18",18307.65039
"2022-11-21",18159.94922
"2022-11-22",18244.19922
"2022-11-23",18267.25
"2022-11-24",18484.09961
"2022-11-25",18512.75
"2022-11-28",18562.75
"2022-11-29",18618.05078
"2022-11-30",18758.34961
"2022-12-01",18812.5
"2022-12-02",18696.09961
"2022-12-05",18701.05078
"2022-12-06",18642.75
"2022-12-07",18560.5
"2022-12-08",18609.34961
"2022-12-09",18496.59961
"2022-12-12",18497.15039
"2022-12-13",18608
"2022-12-14",18660.30078
"2022-12-15",18414.90039
"2022-12-16",18269
"2022-12-19",18420.44922
"2022-12-20",18385.30078
"2022-12-21",18199.09961
"2022-12-22",18127.34961
"2022-12-23",17806.80078
"2022-12-26",18014.59961
"2022-12-27",18132.30078
"2022-12-28",18122.5
"2022-12-29",18191
"2022-12-30",18105.30078
"2023-01-02",18197.44922
"2023-01-03",18232.55078
"2023-01-04",18042.94922
"2023-01-05",17992.15039
"2023-01-06",17859.44922
"2023-01-09",18101.19922
"2023-01-10",17914.15039
"2023-01-11",17895.69922
"2023-01-12",17858.19922
"2023-01-13",17956.59961
"2023-01-16",17894.84961
"2023-01-17",18053.30078
"2023-01-18",18165.34961
"2023-01-19",18107.84961
"2023-01-20",18027.65039
"2023-01-23",18118.55078
"2023-01-24",18118.30078
"2023-01-25",17891.94922
"2023-01-27",17604.34961
"2023-01-30",17648.94922
"2023-01-31",17662.15039
"2023-02-01",17616.30078
"2023-02-02",17610.40039
"2023-02-03",17854.05078
"2023-02-06",17764.59961
"2023-02-07",17721.5
"2023-02-08",17871.69922
"2023-02-09",17893.44922
"2023-02-10",17856.5
"2023-02-13",17770.90039
"2023-02-14",17929.84961
"2023-02-15",18015.84961
"2023-02-16",18035.84961
"2023-02-17",17944.19922
"2023-02-20",17844.59961
"2023-02-21",17826.69922
"2023-02-22",17554.30078
"2023-02-23",17511.25
"2023-02-24",17465.80078
"2023-02-27",17392.69922
"2023-02-28",17303.94922
"2023-03-01",17450.90039
"2023-03-02",17321.90039
"2023-03-03",17594.34961
"2023-03-06",17711.44922
"2023-03-08",17754.40039
"2023-03-09",17589.59961
"2023-03-10",17412.90039
"2023-03-13",17154.30078
"2023-03-14",17043.30078
"2023-03-15",16972.15039
"2023-03-16",16985.59961
"2023-03-17",17100.05078
"2023-03-20",16988.40039
"2023-03-21",17107.5
"2023-03-22",17151.90039
"2023-03-23",17076.90039
"2023-03-24",16945.05078
"2023-03-27",16985.69922
"2023-03-28",16951.69922
"2023-03-29",17080.69922
"2023-03-31",17359.75
"2023-04-03",17398.05078
"2023-04-05",17557.05078
"2023-04-06",17599.15039
"2023-04-10",17624.05078
"2023-04-11",17722.30078
"2023-04-12",17812.40039
"2023-04-13",17828
"2023-04-17",17706.84961
"2023-04-18",17660.15039
"2023-04-19",17618.75
"2023-04-20",17624.44922
"2023-04-21",17624.05078
"2023-04-24",17743.40039
"2023-04-25",17769.25
"2023-04-26",17813.59961
"2023-04-27",17915.05078
"2023-04-28",18065
"2023-05-02",18147.65039
"2023-05-03",18089.84961
"2023-05-04",18255.80078
"2023-05-05",18069
"2023-05-08",18264.40039
"2023-05-09",18265.94922
"2023-05-10",18315.09961
"2023-05-11",18297
"2023-05-12",18314.80078
"2023-05-15",18398.84961
"2023-05-16",18286.5
"2023-05-17",18181.75
"2023-05-18",18129.94922
"2023-05-19",18203.40039
"2023-05-22",18314.40039
"2023-05-23",18348
"2023-05-24",18285.40039
"2023-05-25",18321.15039
"2023-05-26",18499.34961
"2023-05-29",18598.65039
"2023-05-30",18633.84961
"2023-05-31",18534.40039
"2023-06-01",18487.75
"2023-06-02",18534.09961
"2023-06-05",18593.84961
"2023-06-06",18599
"2023-06-07",18726.40039
"2023-06-08",18634.55078
"2023-06-09",18563.40039
"2023-06-12",18601.5
"2023-06-13",18716.15039
"2023-06-14",18755.90039
"2023-06-15",18688.09961
"2023-06-16",18826
"2023-06-19",18755.44922
"2023-06-20",18816.69922
"2023-06-21",18856.84961
"2023-06-22",18771.25
"2023-06-23",18665.5
"2023-06-26",18691.19922
"2023-06-27",18817.40039
"2023-06-28",18972.09961
"2023-06-30",19189.05078
"2023-07-03",19322.55078
"2023-07-04",19389
"2023-07-05",19398.5
"2023-07-06",19497.30078
"2023-07-07",19331.80078
"2023-07-10",19355.90039
"2023-07-11",19439.40039
"2023-07-12",19384.30078
"2023-07-13",19413.75
"2023-07-14",19564.5
"2023-07-17",19711.44922
"2023-07-18",19749.25
"2023-07-19",19833.15039
"2023-07-20",19979.15039
"2023-07-21",19745
"2023-07-24",19672.34961
"2023-07-25",19680.59961
"2023-07-26",19778.30078
"2023-07-27",19659.90039
"2023-07-28",19646.05078
"2023-07-31",19753.80078
"2023-08-01",19733.55078
"2023-08-02",19526.55078
"2023-08-03",19381.65039
"2023-08-04",19517
"2023-08-07",19597.30078
"2023-08-08",19570.84961
"2023-08-09",19632.55078
"2023-08-10",19543.09961
"2023-08-11",19428.30078
"2023-08-14",19434.55078
"2023-08-16",19465
"2023-08-17",19365.25
"2023-08-18",19310.15039
"2023-08-21",19393.59961
"2023-08-22",19396.44922
"2023-08-23",19444
"2023-08-24",19386.69922
"2023-08-25",19265.80078
"2023-08-28",19306.05078
"2023-08-29",19342.65039
"2023-08-30",19347.44922
"2023-08-31",19253.80078
"2023-09-01",19435.30078
"2023-09-04",19528.80078
"2023-09-05",19574.90039
"2023-09-06",19611.05078
"2023-09-07",19727.05078
"2023-09-08",19819.94922
"2023-09-11",19996.34961
"2023-09-12",19993.19922
"2023-09-13",20070
"2023-09-14",20103.09961
"2023-09-15",20192.34961
"2023-09-18",20133.30078
"2023-09-20",19901.40039
"2023-09-21",19742.34961
"2023-09-22",19674.25
"2023-09-25",19674.55078
"2023-09-26",19664.69922
"2023-09-27",19716.44922
"2023-09-28",19523.55078
"2023-09-29",19638.30078
"2023-10-03",19528.75
"2023-10-04",19436.09961
"2023-10-05",19545.75
"2023-10-06",19653.5
"2023-10-09",19512.34961
"2023-10-10",19689.84961
"2023-10-11",19811.34961
"2023-10-12",19794
"2023-10-13",19751.05078
"2023-10-16",19731.75
"2023-10-17",19811.5
"2023-10-18",19671.09961
"2023-10-19",19624.69922
"2023-10-20",19542.65039
"2023-10-23",19281.75
"2023-10-25",19122.15039
"2023-10-26",18857.25
"2023-10-27",19047.25
"2023-10-30",19140.90039
"2023-10-31",19079.59961
"2023-11-01",18989.15039
"2023-11-02",19133.25
"2023-11-03",19230.59961
"2023-11-06",19411.75
"2023-11-07",19406.69922
"2023-11-08",19443.5
"2023-11-09",19395.30078
"2023-11-10",19425.34961
"2023-11-13",19443.55078
"2023-11-15",19675.44922
"2023-11-16",19765.19922
"2023-11-17",19731.80078
"2023-11-20",19694
"2023-11-21",19783.40039
"2023-11-22",19811.84961
"2023-11-23",19802
"2023-11-24",19794.69922
"2023-11-28",19889.69922
"2023-11-29",20096.59961
"2023-11-30",20133.15039
"2023-12-01",20267.90039
"2023-12-04",20686.80078
"2023-12-05",20855.09961
"2023-12-06",20937.69922
"2023-12-07",20901.15039
"2023-12-08",20969.40039
"2023-12-11",20997.09961
"2023-12-12",20906.40039
"2023-12-13",20926.34961
"2023-12-14",21182.69922
"2023-12-15",21456.65039
"2023-12-18",21418.65039
"2023-12-19",21453.09961
"2023-12-20",21150.15039
"2023-12-21",21255.05078
"2023-12-22",21349.40039
"2023-12-26",21441.34961
"2023-12-27",21654.75
"2023-12-28",21778.69922
"2023-12-29",21731.40039
"2024-01-01",21741.90039
"2024-01-02",21665.80078
"2024-01-03",21517.34961
"2024-01-04",21658.59961
"2024-01-05",21710.80078
"2024-01-08",21513
"2024-01-09",21544.84961
"2024-01-10",21618.69922
"2024-01-11",21647.19922
"2024-01-12",21894.55078
"2024-01-15",22097.44922
"2024-01-16",22032.30078
"2024-01-17",21571.94922
"2024-01-18",21462.25
"2024-01-19",21622.40039
"2024-01-23",21238.80078
"2024-01-24",21453.94922
"2024-01-25",21352.59961
"2024-01-29",21737.59961
"2024-01-30",21522.09961
"2024-01-31",21725.69922
"2024-02-01",21697.44922
"2024-02-02",21853.80078
"2024-02-05",21771.69922
"2024-02-06",21929.40039
"2024-02-07",21930.5
"2024-02-08",21717.94922
"2024-02-09",21782.5
"2024-02-12",21616.05078
"2024-02-13",21743.25
"2024-02-14",21840.05078
"2024-02-15",21910.75
"2024-02-16",22040.69922
"2024-02-19",22122.25
"2024-02-20",22196.94922
"2024-02-21",22055.05078
"2024-02-22",22217.44922
"2024-02-23",22212.69922
"2024-02-26",22122.05078
"2024-02-27",22198.34961
"2024-02-28",21951.15039
"2024-02-29",21982.80078
"2024-03-01",22338.75
"2024-03-04",22405.59961
"2024-03-05",22356.30078
"2024-03-06",22474.05078
"2024-03-07",22493.55078
"2024-03-11",22332.65039
"2024-03-12",22335.69922
"2024-03-13",21997.69922
"2024-03-14",22146.65039
"2024-03-15",22023.34961
"2024-03-18",22055.69922
"2024-03-19",21817.44922
"2024-03-20",21839.09961
"2024-03-21",22011.94922
"2024-03-22",22096.75
"2024-03-26",22004.69922
"2024-03-27",22123.65039
"2024-03-28",22326.90039
"2024-04-01",22462
"2024-04-02",22453.30078
"2024-04-03",22434.65039
"2024-04-04",22514.65039
"2024-04-05",22513.69922
"2024-04-08",22666.30078
"2024-04-09",22642.75
"2024-04-10",22753.80078
"2024-04-12",22519.40039
"2024-04-15",22272.5
"2024-04-16",22147.90039
"2024-04-18",21995.84961
"2024-04-19",22147
"2024-04-22",22336.40039
"2024-04-23",22368
"2024-04-24",22402.40039
"2024-04-25",22570.34961
"2024-04-26",22419.94922
"2024-04-29",22643.40039
"2024-04-30",22604.84961
"2024-05-02",22648.19922
"2024-05-03",22475.84961
"2024-05-06",22442.69922
"2024-05-07",22302.5
"2024-05-08",22302.5
"2024-05-09",21957.5
"2024-05-10",22055.19922
"2024-05-13",22104.05078
"2024-05-14",22217.84961
"2024-05-15",22200.55078
"2024-05-16",22403.84961
"2024-05-17",22466.09961
"2024-05-21",22529.05078
"2024-05-22",22597.80078
"2024-05-23",22967.65039
"2024-05-24",22957.09961
"2024-05-27",22932.44922
"2024-05-28",22888.15039
"2024-05-29",22704.69922
"2024-05-30",22488.65039
"2024-05-31",22530.69922
"2024-06-03",23263.90039
"2024-06-04",21884.5
"2024-06-05",22620.34961
"2024-06-06",22821.40039
"2024-06-07",23290.15039
"2024-06-10",23259.19922
"2024-06-11",23264.84961
"2024-06-12",23322.94922
"2024-06-13",23398.90039
"2024-06-14",23465.59961
"2024-06-18",23557.90039
"2024-06-19",23516
"2024-06-20",23567
"2024-06-21",23501.09961
"2024-06-24",23537.84961
"2024-06-25",23721.30078
"2024-06-26",23868.80078
"2024-06-27",24044.5
"2024-06-28",24010.59961
"2024-07-01",24141.94922
"2024-07-02",24123.84961
"2024-07-03",24286.5
"2024-07-04",24302.15039
"2024-07-05",24323.84961
"2024-07-08",24320.55078
"2024-07-09",24433.19922
"2024-07-10",24324.44922
"2024-07-11",24315.94922
"2024-07-12",24502.15039
"2024-07-15",24586.69922
"2024-07-16",24613
"2024-07-18",24800.84961
"2024-07-19",24530.90039
"2024-07-22",24509.25
"2024-07-23",24479.05078
"2024-07-24",24413.5
"2024-07-25",24406.09961
"2024-07-26",24834.84961
"2024-07-29",24836.09961
"2024-07-30",24857.30078
"2024-07-31",24951.15039
"2024-08-01",25010.90039
"2024-08-02",24717.69922
"2024-08-05",24055.59961
"2024-08-06",23992.55078
"2024-08-07",24297.5
"2024-08-08",24117
"2024-08-09",24367.5
"2024-08-12",24347
"2024-08-13",24139
"2024-08-14",24143.75
"2024-08-16",24541.15039
"2024-08-19",24572.65039
"2024-08-20",24698.84961
"2024-08-21",24770.19922
"2024-08-22",24811.5
"2024-08-23",24823.15039
"2024-08-26",25010.59961
"2024-08-27",25017.75
"2024-08-28",25052.34961
"2024-08-29",25151.94922
"2024-08-30",25235.90039
"2024-09-02",25278.69922
"2024-09-03",25279.84961
"2024-09-04",25198.69922
"2024-09-05",25145.09961
"2024-09-06",24852.15039
"2024-09-09",24936.40039
"2024-09-10",25041.09961
"2024-09-11",24918.44922
"2024-09-12",25388.90039
"2024-09-13",25356.5
"2024-09-16",25383.75
"2024-09-17",25418.55078
"2024-09-18",25377.55078
"2024-09-19",25415.80078
"2024-09-20",25790.94922
"2024-09-23",25939.05078
"2024-09-24",25940.40039
"2024-09-25",26004.15039
"2024-09-26",26216.05078
"2024-09-27",26178.94922
"2024-09-30",25810.84961
"2024-10-01",25796.90039
"2024-10-03",25250.09961
"2024-10-04",25014.59961
"2024-10-07",24795.75
"2024-10-08",25013.15039
"2024-10-09",24981.94922
"2024-10-10",24998.44922
"2024-10-11",24964.25
"2024-10-14",25127.94922
"2024-10-15",25057.34961
"2024-10-16",24971.30078
"2024-10-17",24749.84961
"2024-10-18",24854.05078
"2024-10-21",24781.09961
"2024-10-22",24472.09961
"2024-10-23",24435.5
"2024-10-24",24399.40039
"2024-10-25",24180.80078
"2024-10-28",24339.15039
"2024-10-29",24466.84961
"2024-10-30",24340.84961
"2024-10-31",24205.34961
"2024-11-01",24304.34961
"2024-11-04",23995.34961
"2024-11-05",24213.30078
"2024-11-06",24484.05078
"2024-11-07",24199.34961
"2024-11-08",24148.19922
"2024-11-11",24141.30078
"2024-11-12",23883.44922
"2024-11-13",23559.05078
"2024-11-14",23532.69922
"2024-11-18",23453.80078
"2024-11-19",23518.5
"2024-11-21",23349.90039
"2024-11-22",23907.25
"2024-11-25",24221.90039
"2024-11-26",24194.5
"2024-11-27",24274.90039
"2024-11-28",23914.15039
"2024-11-29",24131.09961
"2024-12-02",24276.05078
"2024-12-03",24457.15039
"2024-12-04",24467.44922
"2024-12-05",24708.40039
"2024-12-06",24677.80078
"2024-12-09",24619
"2024-12-10",24610.05078
"2024-12-11",24641.80078
"2024-12-12",24548.69922
"2024-12-13",24768.30078
"2024-12-16",24668.25
"2024-12-17",24336
"2024-12-18",24198.84961
"2024-12-19",23951.69922
"2024-12-20",23587.5
"2024-12-23",23753.44922
"2024-12-24",23727.65039
"2024-12-26",23750.19922
"2024-12-27",23813.40039
"2024-12-30",23644.90039
